"parameter", "energy", "period", "x", "y", "z", "xdot", "ydot", "zdot", "n_corrector_iterations"
0.0, nan, 6.283185307179586, -0.07084826380483918, 0.0, 0.0, 0.0, 0.8283274559213387, 0.0, 0
0.0025, nan, 6.283185307179586, -0.07052793484344343, 0.0, 0.0, 0.0, 0.8272540836597575, 0.0, 3
0.005, nan, 6.283185307179586, -0.07020899558548904, 0.0, 0.0, 0.0, 0.8261843190248728, 0.0, 3
0.0075, nan, 6.283185307179586, -0.06989143589781002, 0.0, 0.0, 0.0, 0.8251181355761172, 0.0, 3
0.01, nan, 6.283185307179586, -0.06957524576206262, 0.0, 0.0, 0.0, 0.8240555072554878, 0.0, 3
0.0125, nan, 6.283185307179586, -0.06926041527301789, 0.0, 0.0, 0.0, 0.8229964083825718, 0.0, 3
0.015000000000000001, nan, 6.283185307179586, -0.06894693463692729, 0.0, 0.0, 0.0, 0.8219408136500314, 0.0, 3
0.0175, nan, 6.283185307179586, -0.068634794169858, 0.0, 0.0, 0.0, 0.8208886981187212, 0.0, 3
0.02, nan, 6.283185307179586, -0.06832398429611895, 0.0, 0.0, 0.0, 0.8198400372133693, 0.0, 3
0.0225, nan, 6.283185307179586, -0.06801449554666852, 0.0, 0.0, 0.0, 0.8187948067180268, 0.0, 3
0.024999999999999998, nan, 6.283185307179586, -0.06770631855756629, 0.0, 0.0, 0.0, 0.8177529827717062, 0.0, 3
0.027499999999999997, nan, 6.283185307179586, -0.06739944406845985, 0.0, 0.0, 0.0, 0.8167145418641996, 0.0, 3
0.029999999999999995, nan, 6.283185307179586, -0.0670938629210807, 0.0, 0.0, 0.0, 0.81567946083186, 0.0, 3
0.032499999999999994, nan, 6.283185307179586, -0.06678956605777785, 0.0, 0.0, 0.0, 0.8146477168535222, 0.0, 3
0.034999999999999996, nan, 6.283185307179586, -0.06648654452007735, 0.0, 0.0, 0.0, 0.8136192874465766, 0.0, 3
0.0375, nan, 6.283185307179586, -0.06618478944725123, 0.0, 0.0, 0.0, 0.8125941504629622, 0.0, 3
0.04, nan, 6.283185307179586, -0.06588429207493156, 0.0, 0.0, 0.0, 0.8115722840854285, 0.0, 3
0.0425, nan, 6.283185307179586, -0.06558504373373229, 0.0, 0.0, 0.0, 0.810553666823752, 0.0, 3
0.045000000000000005, nan, 6.283185307179586, -0.06528703584790786, 0.0, 0.0, 0.0, 0.809538277511142, 0.0, 3
0.04750000000000001, nan, 6.283185307179586, -0.06499025993401487, 0.0, 0.0, 0.0, 0.808526095300566, 0.0, 3
0.05000000000000001, nan, 6.283185307179586, -0.0646947075996123, 0.0, 0.0, 0.0, 0.8075170996612756, 0.0, 3
0.05250000000000001, nan, 6.283185307179586, -0.06440037054198473, 0.0, 0.0, 0.0, 0.8065112703754426, 0.0, 3
0.055000000000000014, nan, 6.283185307179586, -0.0641072405468766, 0.0, 0.0, 0.0, 0.8055085875347622, 0.0, 3
0.057500000000000016, nan, 6.283185307179586, -0.06381530948724383, 0.0, 0.0, 0.0, 0.8045090315371203, 0.0, 3
0.06000000000000002, nan, 6.283185307179586, -0.06352456932204663, 0.0, 0.0, 0.0, 0.8035125830834743, 0.0, 3
0.06250000000000001, nan, 6.283185307179586, -0.06323501209504334, 0.0, 0.0, 0.0, 0.8025192231746824, 0.0, 3
0.06500000000000002, nan, 6.283185307179586, -0.06294662993360314, 0.0, 0.0, 0.0, 0.8015289331083779, 0.0, 3
0.06750000000000002, nan, 6.283185307179586, -0.06265941504756443, 0.0, 0.0, 0.0, 0.8005416944761239, 0.0, 3
0.07000000000000002, nan, 6.283185307179586, -0.06237335972806551, 0.0, 0.0, 0.0, 0.7995574891602719, 0.0, 3
0.07250000000000002, nan, 6.283185307179586, -0.0620884563464422, 0.0, 0.0, 0.0, 0.798576299331262, 0.0, 3
0.07500000000000002, nan, 6.283185307179586, -0.06180469735311528, 0.0, 0.0, 0.0, 0.79759810744477, 0.0, 3
0.07750000000000003, nan, 6.283185307179586, -0.061522075276490576, 0.0, 0.0, 0.0, 0.7966228962388755, 0.0, 3
0.08000000000000003, nan, 6.283185307179586, -0.061240582721912476, 0.0, 0.0, 0.0, 0.7956506487315815, 0.0, 3
0.08250000000000003, nan, 6.283185307179586, -0.06096021237058452, 0.0, 0.0, 0.0, 0.794681348217991, 0.0, 3
0.08500000000000003, nan, 6.283185307179586, -0.060680956978549326, 0.0, 0.0, 0.0, 0.7937149782678921, 0.0, 3
0.08750000000000004, nan, 6.283185307179586, -0.060402809375657646, 0.0, 0.0, 0.0, 0.7927515227231723, 0.0, 3
0.09000000000000004, nan, 6.283185307179586, -0.0601257624645689, 0.0, 0.0, 0.0, 0.7917909656954358, 0.0, 3
0.09250000000000004, nan, 6.283185307179586, -0.05984980921976186, 0.0, 0.0, 0.0, 0.7908332915636108, 0.0, 3
0.09500000000000004, nan, 6.283185307179586, -0.059574942686556824, 0.0, 0.0, 0.0, 0.7898784849716084, 0.0, 3
0.09750000000000004, nan, 6.283185307179586, -0.05930115598016201, 0.0, 0.0, 0.0, 0.7889265308260661, 0.0, 3
0.10000000000000005, nan, 6.283185307179586, -0.059028442284721004, 0.0, 0.0, 0.0, 0.7879774142940801, 0.0, 3
0.10250000000000005, nan, 6.283185307179586, -0.05875679485239693, 0.0, 0.0, 0.0, 0.7870311208011723, 0.0, 3
0.10500000000000005, nan, 6.283185307179586, -0.058486207002441025, 0.0, 0.0, 0.0, 0.7860876360290165, 0.0, 3
0.10750000000000005, nan, 6.283185307179586, -0.058216672120304, 0.0, 0.0, 0.0, 0.7851469459134911, 0.0, 3
0.11000000000000006, nan, 6.283185307179586, -0.05794818365673882, 0.0, 0.0, 0.0, 0.7842090366426246, 0.0, 3
0.11250000000000006, nan, 6.283185307179586, -0.05768073512693166, 0.0, 0.0, 0.0, 0.7832738946546435, 0.0, 3
0.11500000000000006, nan, 6.283185307179586, -0.0574143201096416, 0.0, 0.0, 0.0, 0.7823415066361052, 0.0, 3
0.11750000000000006, nan, 6.283185307179586, -0.05714893224634484, 0.0, 0.0, 0.0, 0.7814118595199565, 0.0, 3
0.12000000000000006, nan, 6.283185307179586, -0.056884565240404326, 0.0, 0.0, 0.0, 0.7804849404837843, 0.0, 3
0.12250000000000007, nan, 6.283185307179586, -0.05662121285624571, 0.0, 0.0, 0.0, 0.779560736948035, 0.0, 3
0.12500000000000006, nan, 6.283185307179586, -0.05635886891854451, 0.0, 0.0, 0.0, 0.7786392365743041, 0.0, 3
0.12750000000000006, nan, 6.283185307179586, -0.05609752731142137, 0.0, 0.0, 0.0, 0.777720427263597, 0.0, 3
0.13000000000000006, nan, 6.283185307179586, -0.055837181977664636, 0.0, 0.0, 0.0, 0.7768042971548194, 0.0, 3
0.13250000000000006, nan, 6.283185307179586, -0.05557782691794028, 0.0, 0.0, 0.0, 0.7758908346230581, 0.0, 3
0.13500000000000006, nan, 6.283185307179586, -0.05531945619004224, 0.0, 0.0, 0.0, 0.7749800282781933, 0.0, 3
0.13750000000000007, nan, 6.283185307179586, -0.0550620639081159, 0.0, 0.0, 0.0, 0.7740718669632034, 0.0, 3
0.14000000000000007, nan, 6.283185307179586, -0.05480564424193134, 0.0, 0.0, 0.0, 0.7731663397528659, 0.0, 3
0.14250000000000007, nan, 6.283185307179586, -0.054550191416148905, 0.0, 0.0, 0.0, 0.7722634359523388, 0.0, 3
0.14500000000000007, nan, 6.283185307179586, -0.05429569970958113, 0.0, 0.0, 0.0, 0.771363145095646, 0.0, 3
0.14750000000000008, nan, 6.283185307179586, -0.05404216345449404, 0.0, 0.0, 0.0, 0.7704654569444933, 0.0, 3
0.15000000000000008, nan, 6.283185307179586, -0.05378957703589887, 0.0, 0.0, 0.0, 0.7695703614869152, 0.0, 3
0.15250000000000008, nan, 6.283185307179586, -0.05353793489085493, 0.0, 0.0, 0.0, 0.7686778489360061, 0.0, 3
0.15500000000000008, nan, 6.283185307179586, -0.05328723150778457, 0.0, 0.0, 0.0, 0.7677879097286805, 0.0, 3
0.15750000000000008, nan, 6.283185307179586, -0.053037461425808646, 0.0, 0.0, 0.0, 0.7669005345246115, 0.0, 3
0.1600000000000001, nan, 6.283185307179586, -0.05278861923406495, 0.0, 0.0, 0.0, 0.7660157142049303, 0.0, 3
0.1625000000000001, nan, 6.283185307179586, -0.05254069957106204, 0.0, 0.0, 0.0, 0.7651334398712474, 0.0, 3
0.1650000000000001, nan, 6.283185307179586, -0.0522936971240202, 0.0, 0.0, 0.0, 0.7642537028444512, 0.0, 3
0.1675000000000001, nan, 6.283185307179586, -0.0520476066282457, 0.0, 0.0, 0.0, 0.7633764946638547, 0.0, 3
0.1700000000000001, nan, 6.283185307179586, -0.05180242286648851, 0.0, 0.0, 0.0, 0.7625018070860624, 0.0, 3
0.1725000000000001, nan, 6.283185307179586, -0.05155814066831438, 0.0, 0.0, 0.0, 0.7616296320839764, 0.0, 3
0.1750000000000001, nan, 6.283185307179586, -0.051314754909505836, 0.0, 0.0, 0.0, 0.760759961846039, 0.0, 3
0.1775000000000001, nan, 6.283185307179586, -0.05107226051143848, 0.0, 0.0, 0.0, 0.7598927887751691, 0.0, 3
0.1800000000000001, nan, 6.283185307179586, -0.05083065244048587, 0.0, 0.0, 0.0, 0.7590281054879572, 0.0, 3
0.1825000000000001, nan, 6.283185307179586, -0.05058992570742997, 0.0, 0.0, 0.0, 0.7581659048138594, 0.0, 3
0.1850000000000001, nan, 6.283185307179586, -0.050350075366869425, 0.0, 0.0, 0.0, 0.7573061797943382, 0.0, 3
0.1875000000000001, nan, 6.283185307179586, -0.050111096516649994, 0.0, 0.0, 0.0, 0.7564489236821906, 0.0, 3
0.1900000000000001, nan, 6.283185307179586, -0.04987298429728364, 0.0, 0.0, 0.0, 0.7555941299407067, 0.0, 3
0.19250000000000012, nan, 6.283185307179586, -0.049635733891395695, 0.0, 0.0, 0.0, 0.7547417922430846, 0.0, 3
0.19500000000000012, nan, 6.283185307179586, -0.04939934052315265, 0.0, 0.0, 0.0, 0.7538919044716037, 0.0, 3
0.19750000000000012, nan, 6.283185307179586, -0.04916379945772146, 0.0, 0.0, 0.0, 0.7530444607170849, 0.0, 3
0.20000000000000012, nan, 6.283185307179586, -0.048929106000728334, 0.0, 0.0, 0.0, 0.752199455278327, 0.0, 3
0.20250000000000012, nan, 6.283185307179586, -0.04869525549770482, 0.0, 0.0, 0.0, 0.7513568826613358, 0.0, 3
0.20500000000000013, nan, 6.283185307179586, -0.048462243333570174, 0.0, 0.0, 0.0, 0.7505167375789314, 0.0, 3
0.20750000000000013, nan, 6.283185307179586, -0.04823006493209999, 0.0, 0.0, 0.0, 0.7496790149501611, 0.0, 3
0.21000000000000013, nan, 6.283185307179586, -0.04799871575540772, 0.0, 0.0, 0.0, 0.748843709899823, 0.0, 3
0.21250000000000013, nan, 6.283185307179586, -0.0477681913034203, 0.0, 0.0, 0.0, 0.7480108177578733, 0.0, 3
0.21500000000000014, nan, 6.283185307179586, -0.04753848711338571, 0.0, 0.0, 0.0, 0.747180334059169, 0.0, 3
0.21750000000000014, nan, 6.283185307179586, -0.047309598759355066, 0.0, 0.0, 0.0, 0.7463522545428887, 0.0, 3
0.22000000000000014, nan, 6.283185307179586, -0.04708152185168751, 0.0, 0.0, 0.0, 0.745526575152159, 0.0, 3
0.22250000000000014, nan, 6.283185307179586, -0.04685425203656306, 0.0, 0.0, 0.0, 0.744703292033766, 0.0, 3
0.22500000000000014, nan, 6.283185307179586, -0.046627784995487184, 0.0, 0.0, 0.0, 0.7438824015377146, 0.0, 3
0.22750000000000015, nan, 6.283185307179586, -0.046402116444811764, 0.0, 0.0, 0.0, 0.7430639002169486, 0.0, 3
0.23000000000000015, nan, 6.283185307179586, -0.04617724213524931, 0.0, 0.0, 0.0, 0.7422477848269879, 0.0, 3
0.23250000000000015, nan, 6.283185307179586, -0.04595315785140992, 0.0, 0.0, 0.0, 0.7414340523257565, 0.0, 3
0.23500000000000015, nan, 6.283185307179586, -0.045729859411322744, 0.0, 0.0, 0.0, 0.7406226998732139, 0.0, 3
0.23750000000000016, nan, 6.283185307179586, -0.045507342665977266, 0.0, 0.0, 0.0, 0.7398137248312185, 0.0, 3
0.24000000000000016, nan, 6.283185307179586, -0.04528560349885728, 0.0, 0.0, 0.0, 0.7390071247632366, 0.0, 3
0.24250000000000016, nan, 6.283185307179586, -0.04506463782548416, 0.0, 0.0, 0.0, 0.73820289743416, 0.0, 3
0.24500000000000016, nan, 6.283185307179586, -0.044844441592969374, 0.0, 0.0, 0.0, 0.7374010408101784, 0.0, 3
0.24750000000000016, nan, 6.283185307179586, -0.044625010779562574, 0.0, 0.0, 0.0, 0.7366015530586115, 0.0, 3
0.25000000000000017, nan, 6.283185307179586, -0.04440634139420311, 0.0, 0.0, 0.0, 0.7358044325477171, 0.0, 3
0.25250000000000017, nan, 6.283185307179586, -0.04418842947608606, 0.0, 0.0, 0.0, 0.7350096778466702, 0.0, 3
0.25500000000000017, nan, 6.283185307179586, -0.043971271094215385, 0.0, 0.0, 0.0, 0.7342172877253669, 0.0, 3
0.2575000000000002, nan, 6.283185307179586, -0.043754862346978375, 0.0, 0.0, 0.0, 0.7334272611544329, 0.0, 3
0.2600000000000002, nan, 6.283185307179586, -0.04353919936170821, 0.0, 0.0, 0.0, 0.7326395973051083, 0.0, 3
0.2625000000000002, nan, 6.283185307179586, -0.043324278294257355, 0.0, 0.0, 0.0, 0.7318542955491961, 0.0, 3
0.2650000000000002, nan, 6.283185307179586, -0.04311009532857551, 0.0, 0.0, 0.0, 0.7310713554590756, 0.0, 3
0.2675000000000002, nan, 6.283185307179586, -0.04289664667628296, 0.0, 0.0, 0.0, 0.7302907768076362, 0.0, 3
0.2700000000000002, nan, 6.283185307179586, -0.04268392857624905, 0.0, 0.0, 0.0, 0.7295125595682337, 0.0, 3
0.2725000000000002, nan, 6.283185307179586, -0.04247193729418992, 0.0, 0.0, 0.0, 0.7287367039148787, 0.0, 3
0.2750000000000002, nan, 6.283185307179586, -0.042260669122236166, 0.0, 0.0, 0.0, 0.7279632102220415, 0.0, 3
0.2775000000000002, nan, 6.283185307179586, -0.04205012037853027, 0.0, 0.0, 0.0, 0.7271920790647942, 0.0, 3
0.2800000000000002, nan, 6.283185307179586, -0.041840287406820595, 0.0, 0.0, 0.0, 0.7264233112188863, 0.0, 3
0.2825000000000002, nan, 6.283185307179586, -0.04163116657604503, 0.0, 0.0, 0.0, 0.7256569076606856, 0.0, 3
0.2850000000000002, nan, 6.283185307179586, -0.04142275427993431, 0.0, 0.0, 0.0, 0.7248928695673676, 0.0, 3
0.2875000000000002, nan, 6.283185307179586, -0.04121504693660109, 0.0, 0.0, 0.0, 0.7241311983168572, 0.0, 3
0.2900000000000002, nan, 6.283185307179586, -0.041008040988147594, 0.0, 0.0, 0.0, 0.7233718954880388, 0.0, 3
0.2925000000000002, nan, 6.283185307179586, -0.040801732900262115, 0.0, 0.0, 0.0, 0.722614962860779, 0.0, 3
0.2950000000000002, nan, 6.283185307179586, -0.04059611916181475, 0.0, 0.0, 0.0, 0.72186040241595, 0.0, 3
0.2975000000000002, nan, 6.283185307179586, -0.04039119628447399, 0.0, 0.0, 0.0, 0.7211082163356808, 0.0, 3
0.3000000000000002, nan, 6.283185307179586, -0.04018696080229863, 0.0, 0.0, 0.0, 0.7203584070032895, 0.0, 3
0.3025000000000002, nan, 6.283185307179586, -0.039983409271351404, 0.0, 0.0, 0.0, 0.7196109770034752, 0.0, 3
0.3050000000000002, nan, 6.283185307179586, -0.03978053826930498, 0.0, 0.0, 0.0, 0.7188659291224118, 0.0, 3
0.3075000000000002, nan, 6.283185307179586, -0.03957834439504907, 0.0, 0.0, 0.0, 0.7181232663478331, 0.0, 3
0.3100000000000002, nan, 6.283185307179586, -0.039376824268299394, 0.0, 0.0, 0.0, 0.7173829918691192, 0.0, 3
0.3125000000000002, nan, 6.283185307179586, -0.03917597452920748, 0.0, 0.0, 0.0, 0.7166451090774124, 0.0, 3
0.3150000000000002, nan, 6.283185307179586, -0.03897579183797124, 0.0, 0.0, 0.0, 0.7159096215656925, 0.0, 3
0.3175000000000002, nan, 6.283185307179586, -0.03877627287444761, 0.0, 0.0, 0.0, 0.715176533128899, 0.0, 3
0.32000000000000023, nan, 6.283185307179586, -0.038577414337758575, 0.0, 0.0, 0.0, 0.7144458477639384, 0.0, 3
0.32250000000000023, nan, 6.283185307179586, -0.03837921294590594, 0.0, 0.0, 0.0, 0.7137175696698079, 0.0, 3
0.32500000000000023, nan, 6.283185307179586, -0.03818166543538235, 0.0, 0.0, 0.0, 0.7129917032476316, 0.0, 3
0.32750000000000024, nan, 6.283185307179586, -0.03798476856078179, 0.0, 0.0, 0.0, 0.7122682531007235, 0.0, 3
0.33000000000000024, nan, 6.283185307179586, -0.03778851909441182, 0.0, 0.0, 0.0, 0.711547224034619, 0.0, 3
0.33250000000000024, nan, 6.283185307179586, -0.03759291382590047, 0.0, 0.0, 0.0, 0.7108286210570571, 0.0, 3
0.33500000000000024, nan, 6.283185307179586, -0.0373979495618065, 0.0, 0.0, 0.0, 0.7101124493779751, 0.0, 3
0.33750000000000024, nan, 6.283185307179586, -0.03720362312523845, 0.0, 0.0, 0.0, 0.7093987144096177, 0.0, 3
0.34000000000000025, nan, 6.283185307179586, -0.037009931355445745, 0.0, 0.0, 0.0, 0.7086874217662705, 0.0, 3
0.34250000000000025, nan, 6.283185307179586, -0.0368168711074397, 0.0, 0.0, 0.0, 0.7079785772643665, 0.0, 3
0.34500000000000025, nan, 6.283185307179586, -0.03662443925159516, 0.0, 0.0, 0.0, 0.7072721869223414, 0.0, 3
0.34750000000000025, nan, 6.283185307179586, -0.036432632673254604, 0.0, 0.0, 0.0, 0.7065682569604878, 0.0, 3
0.35000000000000026, nan, 6.283185307179586, -0.03624144827233396, 0.0, 0.0, 0.0, 0.7058667938008482, 0.0, 3
0.35250000000000026, nan, 6.283185307179586, -0.03605088296291944, 0.0, 0.0, 0.0, 0.7051678040669427, 0.0, 3
0.35500000000000026, nan, 6.283185307179586, -0.03586093367287399, 0.0, 0.0, 0.0, 0.7044712945836542, 0.0, 3
0.35750000000000026, nan, 6.283185307179586, -0.035671597343432906, 0.0, 0.0, 0.0, 0.7037772723769207, 0.0, 3
0.36000000000000026, nan, 6.283185307179586, -0.0354828709287924, 0.0, 0.0, 0.0, 0.7030857446733253, 0.0, 3
0.36250000000000027, nan, 6.283185307179586, -0.035294751395716126, 0.0, 0.0, 0.0, 0.702396718899934, 0.0, 3
0.36500000000000027, nan, 6.283185307179586, -0.03510723572311535, 0.0, 0.0, 0.0, 0.7017102026837464, 0.0, 3
0.36750000000000027, nan, 6.283185307179586, -0.03492032090164271, 0.0, 0.0, 0.0, 0.7010262038513142, 0.0, 3
0.3700000000000003, nan, 6.283185307179586, -0.034734003933272604, 0.0, 0.0, 0.0, 0.7003447304281752, 0.0, 3
0.3725000000000003, nan, 6.283185307179586, -0.03454828183088819, 0.0, 0.0, 0.0, 0.6996657906383363, 0.0, 3
0.3750000000000003, nan, 6.283185307179586, -0.034363151617858134, 0.0, 0.0, 0.0, 0.6989893929036325, 0.0, 3
0.3775000000000003, nan, 6.283185307179586, -0.034178610327610395, 0.0, 0.0, 0.0, 0.6983155458429939, 0.0, 3
0.3800000000000003, nan, 6.283185307179586, -0.03399465500320394, 0.0, 0.0, 0.0, 0.6976442582716854, 0.0, 3
0.3825000000000003, nan, 6.283185307179586, -0.033811282696900015, 0.0, 0.0, 0.0, 0.6969755392005054, 0.0, 3
0.3850000000000003, nan, 6.283185307179586, -0.033628490469717415, 0.0, 0.0, 0.0, 0.6963093978347447, 0.0, 3
0.3875000000000003, nan, 6.283185307179586, -0.03344627539099805, 0.0, 0.0, 0.0, 0.6956458435732794, 0.0, 3
0.3900000000000003, nan, 6.283185307179586, -0.03326463453795976, 0.0, 0.0, 0.0, 0.6949848860074206, 0.0, 3
0.3925000000000003, nan, 6.283185307179586, -0.0330835649952392, 0.0, 0.0, 0.0, 0.6943265349196505, 0.0, 3
0.3950000000000003, nan, 6.283185307179586, -0.03290306385444781, 0.0, 0.0, 0.0, 0.693670800282464, 0.0, 3
0.3975000000000003, nan, 6.283185307179586, -0.03272312821369854, 0.0, 0.0, 0.0, 0.6930176922568098, 0.0, 3
0.4000000000000003, nan, 6.283185307179586, -0.032543755177143086, 0.0, 0.0, 0.0, 0.6923672211906037, 0.0, 3
0.4025000000000003, nan, 6.283185307179586, -0.03236494185449546, 0.0, 0.0, 0.0, 0.6917193976170469, 0.0, 3
0.4050000000000003, nan, 6.283185307179586, -0.03218668536055952, 0.0, 0.0, 0.0, 0.6910742322529504, 0.0, 3
0.4075000000000003, nan, 6.283185307179586, -0.03200898281473515, 0.0, 0.0, 0.0, 0.690431735996717, 0.0, 3
0.4100000000000003, nan, 6.283185307179586, -0.0318318313405281, 0.0, 0.0, 0.0, 0.6897919199263197, 0.0, 3
0.4125000000000003, nan, 6.283185307179586, -0.0316552280650495, 0.0, 0.0, 0.0, 0.6891547952971052, 0.0, 3
0.4150000000000003, nan, 6.283185307179586, -0.0314791701185056, 0.0, 0.0, 0.0, 0.6885203735393941, 0.0, 3
0.4175000000000003, nan, 6.283185307179586, -0.031303654633682745, 0.0, 0.0, 0.0, 0.6878886662559668, 0.0, 3
0.4200000000000003, nan, 6.283185307179586, -0.03112867874542575, 0.0, 0.0, 0.0, 0.6872596852193888, 0.0, 3
0.4225000000000003, nan, 6.283185307179586, -0.030954239590099887, 0.0, 0.0, 0.0, 0.6866334423690549, 0.0, 3
0.4250000000000003, nan, 6.283185307179586, -0.030780334305056643, 0.0, 0.0, 0.0, 0.6860099498082075, 0.0, 3
0.4275000000000003, nan, 6.283185307179586, -0.03060696002806908, 0.0, 0.0, 0.0, 0.6853892198004378, 0.0, 3
0.4300000000000003, nan, 6.283185307179586, -0.030434113896785776, 0.0, 0.0, 0.0, 0.6847712647664269, 0.0, 3
0.43250000000000033, nan, 6.283185307179586, -0.030261793048150087, 0.0, 0.0, 0.0, 0.6841560972800381, 0.0, 3
0.43500000000000033, nan, 6.283185307179586, -0.03008999461782214, 0.0, 0.0, 0.0, 0.6835437300644279, 0.0, 3
0.43750000000000033, nan, 6.283185307179586, -0.029918715739580392, 0.0, 0.0, 0.0, 0.6829341759877154, 0.0, 3
0.44000000000000034, nan, 6.283185307179586, -0.02974795354472814, 0.0, 0.0, 0.0, 0.6823274480586825, 0.0, 3
0.44250000000000034, nan, 6.283185307179586, -0.029577705161461153, 0.0, 0.0, 0.0, 0.6817235594217438, 0.0, 3
0.44500000000000034, nan, 6.283185307179586, -0.029407967714252546, 0.0, 0.0, 0.0, 0.6811225233521065, 0.0, 3
0.44750000000000034, nan, 6.283185307179586, -0.029238738323204786, 0.0, 0.0, 0.0, 0.6805243532503282, 0.0, 3
0.45000000000000034, nan, 6.283185307179586, -0.02907001410339162, 0.0, 0.0, 0.0, 0.6799290626365577, 0.0, 3
0.45250000000000035, nan, 6.283185307179586, -0.028901792164192686, 0.0, 0.0, 0.0, 0.6793366651446069, 0.0, 3
0.45500000000000035, nan, 6.283185307179586, -0.02873406960860897, 0.0, 0.0, 0.0, 0.6787471745155432, 0.0, 4
0.45750000000000035, nan, 6.283185307179586, -0.028566843532557076, 0.0, 0.0, 0.0, 0.6781606045908403, 0.0, 4
0.46000000000000035, nan, 6.283185307179586, -0.028400111024160665, 0.0, 0.0, 0.0, 0.6775769693053368, 0.0, 4
0.46250000000000036, nan, 6.283185307179586, -0.028233869163012095, 0.0, 0.0, 0.0, 0.6769962826795781, 0.0, 4
0.46500000000000036, nan, 6.283185307179586, -0.02806811501943032, 0.0, 0.0, 0.0, 0.6764185588119305, 0.0, 4
0.46750000000000036, nan, 6.283185307179586, -0.027902845653685743, 0.0, 0.0, 0.0, 0.6758438118699975, 0.0, 4
0.47000000000000036, nan, 6.283185307179586, -0.027738058115219424, 0.0, 0.0, 0.0, 0.6752720560817759, 0.0, 4
0.47250000000000036, nan, 6.283185307179586, -0.02757374944183488, 0.0, 0.0, 0.0, 0.674703305726169, 0.0, 4
0.47500000000000037, nan, 6.283185307179586, -0.027409916658877025, 0.0, 0.0, 0.0, 0.6741375751231049, 0.0, 4
0.47750000000000037, nan, 6.283185307179586, -0.02724655677837756, 0.0, 0.0, 0.0, 0.6735748786228839, 0.0, 4
0.48000000000000037, nan, 6.283185307179586, -0.027083666798195107, 0.0, 0.0, 0.0, 0.673015230595226, 0.0, 4
0.4825000000000004, nan, 6.283185307179586, -0.02692124370112031, 0.0, 0.0, 0.0, 0.6724586454174888, 0.0, 4
0.4850000000000004, nan, 6.283185307179586, -0.02675928445396274, 0.0, 0.0, 0.0, 0.6719051374623732, 0.0, 4
0.4875000000000004, nan, 6.283185307179586, -0.026597786006610884, 0.0, 0.0, 0.0, 0.6713547210848713, 0.0, 4
0.4900000000000004, nan, 6.283185307179586, -0.02643674529106877, 0.0, 0.0, 0.0, 0.6708074106085925, 0.0, 4
0.4925000000000004, nan, 6.283185307179586, -0.026276159220463533, 0.0, 0.0, 0.0, 0.6702632203112583, 0.0, 4
0.4950000000000004, nan, 6.283185307179586, -0.02611602468802996, 0.0, 0.0, 0.0, 0.6697221644095579, 0.0, 4
0.4975000000000004, nan, 6.283185307179586, -0.025956338566059205, 0.0, 0.0, 0.0, 0.6691842570430302, 0.0, 4
0.5000000000000003, nan, 6.283185307179586, -0.025797097704823375, 0.0, 0.0, 0.0, 0.6686495122571943, 0.0, 4
0.5025000000000003, nan, 6.283185307179586, -0.025638298931471532, 0.0, 0.0, 0.0, 0.6681179439858622, 0.0, 4
0.5050000000000002, nan, 6.283185307179586, -0.025479939048883685, 0.0, 0.0, 0.0, 0.6675895660323067, 0.0, 4
0.5075000000000002, nan, 6.283185307179586, -0.025322014834494748, 0.0, 0.0, 0.0, 0.667064392049519, 0.0, 4
0.5100000000000001, nan, 6.283185307179586, -0.02516452303909594, 0.0, 0.0, 0.0, 0.6665424355196999, 0.0, 4
0.5125000000000001, nan, 6.283185307179586, -0.025007460385576295, 0.0, 0.0, 0.0, 0.6660237097321685, 0.0, 4
0.515, nan, 6.283185307179586, -0.02485082356764917, 0.0, 0.0, 0.0, 0.6655082277606318, 0.0, 4
0.5175, nan, 6.283185307179586, -0.02469460924852573, 0.0, 0.0, 0.0, 0.6649960024389769, 0.0, 4
0.5199999999999999, nan, 6.283185307179586, -0.024538814059550714, 0.0, 0.0, 0.0, 0.6644870463358804, 0.0, 4
0.5224999999999999, nan, 6.283185307179586, -0.02438343459879104, 0.0, 0.0, 0.0, 0.6639813717280457, 0.0, 4
0.5249999999999998, nan, 6.283185307179586, -0.024228467429596615, 0.0, 0.0, 0.0, 0.6634789905723829, 0.0, 4
0.5274999999999997, nan, 6.283185307179586, -0.02407390907908928, 0.0, 0.0, 0.0, 0.6629799144762496, 0.0, 4
0.5299999999999997, nan, 6.283185307179586, -0.02391975603662639, 0.0, 0.0, 0.0, 0.6624841546666608, 0.0, 4
0.5324999999999996, nan, 6.283185307179586, -0.02376600475219696, 0.0, 0.0, 0.0, 0.6619917219575718, 0.0, 4
0.5349999999999996, nan, 6.283185307179586, -0.02361265163478155, 0.0, 0.0, 0.0, 0.6615026267158219, 0.0, 4
0.5374999999999995, nan, 6.283185307179586, -0.023459693050636592, 0.0, 0.0, 0.0, 0.6610168788249351, 0.0, 4
0.5399999999999995, nan, 6.283185307179586, -0.023307125321549084, 0.0, 0.0, 0.0, 0.6605344876476753, 0.0, 4
0.5424999999999994, nan, 6.283185307179586, -0.02315494472300119, 0.0, 0.0, 0.0, 0.660055461986033, 0.0, 4
0.5449999999999994, nan, 6.283185307179586, -0.023003147482302123, 0.0, 0.0, 0.0, 0.6595798100398711, 0.0, 4
0.5474999999999993, nan, 6.283185307179586, -0.022851729776634477, 0.0, 0.0, 0.0, 0.6591075393630127, 0.0, 4
0.5499999999999993, nan, 6.283185307179586, -0.02270068773104173, 0.0, 0.0, 0.0, 0.6586386568173174, 0.0, 4
0.5524999999999992, nan, 6.283185307179586, -0.022550017416346796, 0.0, 0.0, 0.0, 0.6581731685245275, 0.0, 4
0.5549999999999992, nan, 6.283185307179586, -0.022399714846996512, 0.0, 0.0, 0.0, 0.6577110798156705, 0.0, 4
0.5574999999999991, nan, 6.283185307179586, -0.022249775978826238, 0.0, 0.0, 0.0, 0.6572523951778959, 0.0, 4
0.559999999999999, nan, 6.283185307179586, -0.022100196706748957, 0.0, 0.0, 0.0, 0.6567971181987541, 0.0, 4
0.562499999999999, nan, 6.283185307179586, -0.021950972862361424, 0.0, 0.0, 0.0, 0.6563452515077672, 0.0, 4
0.564999999999999, nan, 6.283185307179586, -0.02180210021146395, 0.0, 0.0, 0.0, 0.6558967967151029, 0.0, 4
0.5674999999999989, nan, 6.283185307179586, -0.021653574451481403, 0.0, 0.0, 0.0, 0.6554517543470741, 0.0, 4
0.5699999999999988, nan, 6.283185307179586, -0.021505391208809472, 0.0, 0.0, 0.0, 0.6550101237789411, 0.0, 4
0.5724999999999988, nan, 6.283185307179586, -0.021357546036036883, 0.0, 0.0, 0.0, 0.6545719031638504, 0.0, 4
0.5749999999999987, nan, 6.283185307179586, -0.021210034409090535, 0.0, 0.0, 0.0, 0.6541370893589482, 0.0, 4
0.5774999999999987, nan, 6.283185307179586, -0.02106285172425023, 0.0, 0.0, 0.0, 0.6537056778473496, 0.0, 4
0.5799999999999986, nan, 6.283185307179586, -0.02091599329507367, 0.0, 0.0, 0.0, 0.6532776626569328, 0.0, 4
0.5824999999999986, nan, 6.283185307179586, -0.020769454349186447, 0.0, 0.0, 0.0, 0.65285303627479, 0.0, 5
0.5849999999999985, nan, 6.283185307179586, -0.020623230024953945, 0.0, 0.0, 0.0, 0.6524317895577185, 0.0, 5
0.5874999999999985, nan, 6.283185307179586, -0.020477315368040563, 0.0, 0.0, 0.0, 0.6520139116388275, 0.0, 5
0.5899999999999984, nan, 6.283185307179586, -0.020331705327810496, 0.0, 0.0, 0.0, 0.6515993898291227, 0.0, 5
0.5924999999999984, nan, 6.283185307179586, -0.02018639475361165, 0.0, 0.0, 0.0, 0.6511882095150725, 0.0, 5
0.5949999999999983, nan, 6.283185307179586, -0.02004137839089878, 0.0, 0.0, 0.0, 0.650780354050958, 0.0, 5
0.5974999999999983, nan, 6.283185307179586, -0.0198966508772192, 0.0, 0.0, 0.0, 0.6503758046466805, 0.0, 5
0.5999999999999982, nan, 6.283185307179586, -0.01975220673801871, 0.0, 0.0, 0.0, 0.6499745402498569, 0.0, 5
0.6024999999999981, nan, 6.283185307179586, -0.019608040382308074, 0.0, 0.0, 0.0, 0.6495765374232157, 0.0, 5
0.6049999999999981, nan, 6.283185307179586, -0.01946414609812699, 0.0, 0.0, 0.0, 0.649181770215746, 0.0, 5
0.607499999999998, nan, 6.283185307179586, -0.01932051804785416, 0.0, 0.0, 0.0, 0.6487902100287544, 0.0, 5
0.609999999999998, nan, 6.283185307179586, -0.019177150263303692, 0.0, 0.0, 0.0, 0.6484018254754167, 0.0, 5
0.6124999999999979, nan, 6.283185307179586, -0.01903403664064413, 0.0, 0.0, 0.0, 0.6480165822346519, 0.0, 5
0.6149999999999979, nan, 6.283185307179586, -0.018891170935086195, 0.0, 0.0, 0.0, 0.6476344428981597, 0.0, 5
0.6174999999999978, nan, 6.283185307179586, -0.018748546755377783, 0.0, 0.0, 0.0, 0.6472553668114299, 0.0, 5
0.6199999999999978, nan, 6.283185307179586, -0.018606157558052675, 0.0, 0.0, 0.0, 0.6468793099076695, 0.0, 5
0.6224999999999977, nan, 6.283185307179586, -0.018463996641456537, 0.0, 0.0, 0.0, 0.646506224535163, 0.0, 5
0.6249999999999977, nan, 6.283185307179586, -0.018322057139510337, 0.0, 0.0, 0.0, 0.6461360592772838, 0.0, 5
0.6274999999999976, nan, 6.283185307179586, -0.018180332015225373, 0.0, 0.0, 0.0, 0.6457687587656011, 0.0, 5
0.6299999999999976, nan, 6.283185307179586, -0.018038814053940318, 0.0, 0.0, 0.0, 0.6454042634855731, 0.0, 5
0.6324999999999975, nan, 6.283185307179586, -0.01789749585627618, 0.0, 0.0, 0.0, 0.6450425095748921, 0.0, 5
0.6349999999999975, nan, 6.283185307179586, -0.017756369830790524, 0.0, 0.0, 0.0, 0.6446834286143303, 0.0, 5
0.6374999999999974, nan, 6.283185307179586, -0.017615428186327678, 0.0, 0.0, 0.0, 0.644326947411288, 0.0, 5
0.6399999999999973, nan, 6.283185307179586, -0.017474662924035808, 0.0, 0.0, 0.0, 0.6439729877757228, 0.0, 5
0.6424999999999973, nan, 6.283185307179586, -0.017334065829049228, 0.0, 0.0, 0.0, 0.64362146628882, 0.0, 5
0.6449999999999972, nan, 6.283185307179586, -0.017193628461813954, 0.0, 0.0, 0.0, 0.6432722940644797, 0.0, 5
0.6474999999999972, nan, 6.283185307179586, -0.017053342149037528, 0.0, 0.0, 0.0, 0.6429253765036398, 0.0, 5
0.6499999999999971, nan, 6.283185307179586, -0.016913197974260268, 0.0, 0.0, 0.0, 0.6425806130421955, 0.0, 5
0.6524999999999971, nan, 6.283185307179586, -0.016773186768004194, 0.0, 0.0, 0.0, 0.6422378968922162, 0.0, 5
0.654999999999997, nan, 6.283185307179586, -0.01663329909751969, 0.0, 0.0, 0.0, 0.6418971147779748, 0.0, 5
0.657499999999997, nan, 6.283185307179586, -0.016493525256066472, 0.0, 0.0, 0.0, 0.6415581466662947, 0.0, 5
0.6599999999999969, nan, 6.283185307179586, -0.016353855251747654, 0.0, 0.0, 0.0, 0.641220865493072, 0.0, 5
0.6624999999999969, nan, 6.283185307179586, -0.016214278795859186, 0.0, 0.0, 0.0, 0.6408851368865661, 0.0, 5
0.6649999999999968, nan, 6.283185307179586, -0.01607478529072687, 0.0, 0.0, 0.0, 0.6405508188884151, 0.0, 4
0.6674999999999968, nan, 6.283185307179586, -0.015935363817030927, 0.0, 0.0, 0.0, 0.6402177616745959, 0.0, 4
0.6699999999999967, nan, 6.283185307179586, -0.015796003120568145, 0.0, 0.0, 0.0, 0.6398858072772627, 0.0, 4
0.6724999999999967, nan, 6.283185307179586, -0.01565669159846708, 0.0, 0.0, 0.0, 0.639554789310709, 0.0, 4
0.6749999999999966, nan, 6.283185307179586, -0.01551741728478635, 0.0, 0.0, 0.0, 0.6392245327026519, 0.0, 4
0.6774999999999965, nan, 6.283185307179586, -0.015378167835506162, 0.0, 0.0, 0.0, 0.6388948534348036, 0.0, 4
0.6799999999999965, nan, 6.283185307179586, -0.015238930512890403, 0.0, 0.0, 0.0, 0.6385655582962404, 0.0, 4
0.6824999999999964, nan, 6.283185307179586, -0.015099692169162475, 0.0, 0.0, 0.0, 0.6382364446527624, 0.0, 4
0.6849999999999964, nan, 6.283185307179586, -0.014960439229513138, 0.0, 0.0, 0.0, 0.6379073002383053, 0.0, 4
0.6874999999999963, nan, 6.283185307179586, -0.014821157674374748, 0.0, 0.0, 0.0, 0.6375779029726987, 0.0, 4
0.6899999999999963, nan, 6.283185307179586, -0.014681833020981546, 0.0, 0.0, 0.0, 0.6372480208137007, 0.0, 4
0.6924999999999962, nan, 6.283185307179586, -0.014542450304145312, 0.0, 0.0, 0.0, 0.6369174116493723, 0.0, 4
0.6949999999999962, nan, 6.283185307179586, -0.014402994056261732, 0.0, 0.0, 0.0, 0.6365858232407088, 0.0, 4
0.6974999999999961, nan, 6.283185307179586, -0.014263448286511342, 0.0, 0.0, 0.0, 0.6362529932243727, 0.0, 4
0.6999999999999961, nan, 6.283185307179586, -0.014123796459214393, 0.0, 0.0, 0.0, 0.6359186491864858, 0.0, 4
0.702499999999996, nan, 6.283185307179586, -0.013984021471372192, 0.0, 0.0, 0.0, 0.6355825088227876, 0.0, 4
0.704999999999996, nan, 6.283185307179586, -0.013844105629309976, 0.0, 0.0, 0.0, 0.6352442801986489, 0.0, 4
0.7074999999999959, nan, 6.283185307179586, -0.01370403062447145, 0.0, 0.0, 0.0, 0.6349036621290681, 0.0, 4
0.7099999999999959, nan, 6.283185307179586, -0.013563777508311165, 0.0, 0.0, 0.0, 0.6345603446980949, 0.0, 4
0.7124999999999958, nan, 6.283185307179586, -0.013423326666296443, 0.0, 0.0, 0.0, 0.6342140099423474, 0.0, 4
0.7149999999999958, nan, 6.283185307179586, -0.013282657791004885, 0.0, 0.0, 0.0, 0.6338643327258289, 0.0, 4
0.7174999999999957, nan, 6.283185307179586, -0.013141749854347181, 0.0, 0.0, 0.0, 0.6335109818387837, 0.0, 3
0.7199999999999956, nan, 6.283185307179586, -0.01300058107888461, 0.0, 0.0, 0.0, 0.6331536213558192, 0.0, 3
0.7224999999999956, nan, 6.283185307179586, -0.012859128908299041, 0.0, 0.0, 0.0, 0.6327919122967142, 0.0, 3
0.7249999999999955, nan, 6.283185307179586, -0.01271736997701445, 0.0, 0.0, 0.0, 0.6324255146373593, 0.0, 3
0.7274999999999955, nan, 6.283185307179586, -0.012575280079014402, 0.0, 0.0, 0.0, 0.6320540897265915, 0.0, 3
0.7299999999999954, nan, 6.283185307179586, -0.012432834135916282, 0.0, 0.0, 0.0, 0.6316773031731645, 0.0, 3
0.7324999999999954, nan, 6.283185307179586, -0.012290006164324114, 0.0, 0.0, 0.0, 0.6312948282746164, 0.0, 3
0.7349999999999953, nan, 6.283185307179586, -0.012146769242599428, 0.0, 0.0, 0.0, 0.6309063500740854, 0.0, 3
0.7374999999999953, nan, 6.283185307179586, -0.012003095477051303, 0.0, 0.0, 0.0, 0.6305115701380767, 0.0, 3
0.7399999999999952, nan, 6.283185307179586, -0.011858955967730395, 0.0, 0.0, 0.0, 0.6301102121678935, 0.0, 3
0.7424999999999952, nan, 6.283185307179586, -0.011714320773901173, 0.0, 0.0, 0.0, 0.6297020285686813, 0.0, 3
0.7449999999999951, nan, 6.283185307179586, -0.011569158879342055, 0.0, 0.0, 0.0, 0.6292868081200644, 0.0, 3
0.7474999999999951, nan, 6.283185307179586, -0.011423438157618985, 0.0, 0.0, 0.0, 0.6288643849119706, 0.0, 3
0.749999999999995, nan, 6.283185307179586, -0.01127712533753685, 0.0, 0.0, 0.0, 0.6284346487333068, 0.0, 3
0.752499999999995, nan, 6.283185307179586, -0.011130185968877942, 0.0, 0.0, 0.0, 0.627997557123423, 0.0, 3
0.7549999999999949, nan, 6.283185307179586, -0.01098258438870191, 0.0, 0.0, 0.0, 0.6275531493302426, 0.0, 3
0.7574999999999948, nan, 6.283185307179586, -0.01083428368832434, 0.0, 0.0, 0.0, 0.6271015624456111, 0.0, 3
0.7599999999999948, nan, 6.283185307179586, -0.010685245681184431, 0.0, 0.0, 0.0, 0.6266430500274508, 0.0, 3
0.7624999999999947, nan, 6.283185307179586, -0.010535430871749078, 0.0, 0.0, 0.0, 0.6261780035558208, 0.0, 3
0.7649999999999947, nan, 6.283185307179586, -0.010384798425549438, 0.0, 0.0, 0.0, 0.6257069771124846, 0.0, 3
0.7674999999999946, nan, 6.283185307179586, -0.01023330614036579, 0.0, 0.0, 0.0, 0.6252307157187045, 0.0, 3
0.7699999999999946, nan, 6.283185307179586, -0.010080910418499636, 0.0, 0.0, 0.0, 0.6247501878162223, 0.0, 3
0.7724999999999945, nan, 6.283185307179586, -0.009927566239841982, 0.0, 0.0, 0.0, 0.6242666224241847, 0.0, 3
0.7749999999999945, nan, 6.283185307179586, -0.009773227135240077, 0.0, 0.0, 0.0, 0.6237815515569629, 0.0, 3
0.7774999999999944, nan, 6.283185307179586, -0.009617845159387874, 0.0, 0.0, 0.0, 0.6232968585396963, 0.0, 3
0.7799999999999944, nan, 6.283185307179586, -0.009461370861941957, 0.0, 0.0, 0.0, 0.6228148329011958, 0.0, 3
0.7824999999999943, nan, 6.283185307179586, -0.009303753255056542, 0.0, 0.0, 0.0, 0.6223382325653154, 0.0, 3
0.7849999999999943, nan, 6.283185307179586, -0.009144939774763041, 0.0, 0.0, 0.0, 0.6218703540886544, 0.0, 3
0.7874999999999942, nan, 6.283185307179586, -0.008984876232662335, 0.0, 0.0, 0.0, 0.6214151117014113, 0.0, 3
0.7899999999999942, nan, 6.283185307179586, -0.008823506753147973, 0.0, 0.0, 0.0, 0.6209771258908043, 0.0, 3
0.7924999999999941, nan, 6.283185307179586, -0.008660773689879695, 0.0, 0.0, 0.0, 0.6205618222156009, 0.0, 3
0.794999999999994, nan, 6.283185307179586, -0.008496617513287778, 0.0, 0.0, 0.0, 0.6201755409399571, 0.0, 3
0.797499999999994, nan, 6.283185307179586, -0.008330976658580562, 0.0, 0.0, 0.0, 0.6198256579156072, 0.0, 3
0.7999999999999939, nan, 6.283185307179586, -0.008163787320987936, 0.0, 0.0, 0.0, 0.619520716908596, 0.0, 3
0.8024999999999939, nan, 6.283185307179586, -0.007994983181586802, 0.0, 0.0, 0.0, 0.6192705732372527, 0.0, 3
0.8049999999999938, nan, 6.283185307179586, -0.00782449504342504, 0.0, 0.0, 0.0, 0.6190865481625251, 0.0, 3
0.8074999999999938, nan, 6.283185307179586, -0.007652250353294491, 0.0, 0.0, 0.0, 0.6189815929182417, 0.0, 3
0.8099999999999937, nan, 6.283185307179586, -0.007478172579981282, 0.0, 0.0, 0.0, 0.6189704605996627, 0.0, 3
0.8124999999999937, nan, 6.283185307179586, -0.007302180414976082, 0.0, 0.0, 0.0, 0.6190698833343907, 0.0, 3
0.8149999999999936, nan, 6.283185307179586, -0.007124186756965982, 0.0, 0.0, 0.0, 0.6192987512703586, 0.0, 3
0.8174999999999936, nan, 6.283185307179586, -0.006944097437085268, 0.0, 0.0, 0.0, 0.6196782889613247, 0.0, 3
0.8199999999999935, nan, 6.283185307179586, -0.006761809638680134, 0.0, 0.0, 0.0, 0.620232223792502, 0.0, 3
0.8224999999999935, nan, 6.283185307179586, -0.0065772099635265265, 0.0, 0.0, 0.0, 0.6209869402577647, 0.0, 3
0.8249999999999934, nan, 6.283185307179586, -0.006390172096792242, 0.0, 0.0, 0.0, 0.6219716133138073, 0.0, 3
0.8274999999999934, nan, 6.283185307179586, -0.006200554026157724, 0.0, 0.0, 0.0, 0.6232183138640838, 0.0, 3
0.8299999999999933, nan, 6.283185307179586, -0.006008194776574619, 0.0, 0.0, 0.0, 0.6247620798417445, 0.0, 3
0.8324999999999932, nan, 6.283185307179586, -0.0058129106312248355, 0.0, 0.0, 0.0, 0.6266409475516947, 0.0, 4
0.8349999999999932, nan, 6.283185307179586, -0.005614490820702662, 0.0, 0.0, 0.0, 0.6288959400441926, 0.0, 4
0.8374999999999931, nan, 6.283185307179586, -0.005412692674485654, 0.0, 0.0, 0.0, 0.631571012393648, 0.0, 4
0.8399999999999931, nan, 6.283185307179586, -0.005207236239311427, 0.0, 0.0, 0.0, 0.6347129578271831, 0.0, 4
0.842499999999993, nan, 6.283185307179586, -0.004997798373934288, 0.0, 0.0, 0.0, 0.6383712835074842, 0.0, 8
0.844999999999993, nan, 6.283185307179586, -0.004784006324963531, 0.0, 0.0, 0.0, 0.6425980701399734, 0.0, 5
0.8474999999999929, nan, 6.283185307179586, -0.004565430767312321, 0.0, 0.0, 0.0, 0.647447835024369, 0.0, 5
0.8499999999999929, nan, 6.283185307179586, -0.004341578249551182, 0.0, 0.0, 0.0, 0.65297742330857, 0.0, 5
0.8524999999999928, nan, 6.283185307179586, -0.004111882909388263, 0.0, 0.0, 0.0, 0.6592459566909417, 0.0, 6
0.8549999999999928, nan, 6.283185307179586, -0.003875697205637586, 0.0, 0.0, 0.0, 0.6663148726282143, 0.0, 7
0.8550781249999928, nan, 6.283185307179586, -0.0038682040121046876, 0.0, 0.0, 0.0, 0.6665493634126826, 0.0, 10
0.8551562499999928, nan, 6.283185307179586, -0.0038607037421568373, 0.0, 0.0, 0.0, 0.66678470000724, 0.0, 4
0.8552343749999929, nan, 6.283185307179586, -0.003853196371557101, 0.0, 0.0, 0.0, 0.6670208844062233, 0.0, 4
0.8553124999999929, nan, 6.283185307179586, -0.0038456818759837145, 0.0, 0.0, 0.0, 0.667257918606716, 0.0, 4
0.855390624999993, nan, 6.283185307179586, -0.003838160230997022, 0.0, 0.0, 0.0, 0.6674958046083427, 0.0, 4
0.855468749999993, nan, 6.283185307179586, -0.003830631412071633, 0.0, 0.0, 0.0, 0.6677345444136098, 0.0, 4
0.855546874999993, nan, 6.283185307179586, -0.003823095394574541, 0.0, 0.0, 0.0, 0.6679741400276322, 0.0, 4
0.8556249999999931, nan, 6.283185307179586, -0.0038155718264628056, 0.0, 0.0, 0.0, 0.6682146412084088, 0.0, 5
0.8557031249999931, nan, 6.283185307179586, -0.0038080227693468383, 0.0, 0.0, 0.0, 0.6684559612343977, 0.0, 5
0.8557812499999932, nan, 6.283185307179586, -0.0038004649061529126, 0.0, 0.0, 0.0, 0.6686981261943034, 0.0, 5
0.8558593749999932, nan, 6.283185307179586, -0.0037929018351898955, 0.0, 0.0, 0.0, 0.6689411733248978, 0.0, 5
0.8559374999999932, nan, 6.283185307179586, -0.0037853307591844934, 0.0, 0.0, 0.0, 0.66918508473102, 0.0, 5
0.8560156249999933, nan, 6.283185307179586, -0.0037777515464282613, 0.0, 0.0, 0.0, 0.6694298617557767, 0.0, 5
0.8560937499999933, nan, 6.283185307179586, -0.003770165955277361, 0.0, 0.0, 0.0, 0.6696754973412704, 0.0, 5
0.8561718749999934, nan, 6.283185307179586, -0.00376257261351085, 0.0, 0.0, 0.0, 0.6699220182556909, 0.0, 4
0.8562499999999934, nan, 6.283185307179586, -0.0037549710088946005, 0.0, 0.0, 0.0, 0.6701694107399873, 0.0, 4
0.8563281249999934, nan, 6.283185307179586, -0.003747361016111458, 0.0, 0.0, 0.0, 0.6704176762796366, 0.0, 4
0.8564062499999935, nan, 6.283185307179586, -0.0037397476170694067, 0.0, 0.0, 0.0, 0.6706668164496277, 0.0, 4
0.8564843749999935, nan, 6.283185307179586, -0.003732123351386742, 0.0, 0.0, 0.0, 0.6709168426077516, 0.0, 4
0.8565624999999936, nan, 6.283185307179586, -0.0037244905602587144, 0.0, 0.0, 0.0, 0.6711677478475981, 0.0, 4
0.8566406249999936, nan, 6.283185307179586, -0.00371685502662599, 0.0, 0.0, 0.0, 0.6714195341587798, 0.0, 4
0.8567187499999936, nan, 6.283185307179586, -0.00370920780837188, 0.0, 0.0, 0.0, 0.6716722122633686, 0.0, 4
0.8567968749999937, nan, 6.283185307179586, -0.0037015519115350414, 0.0, 0.0, 0.0, 0.6719257754954657, 0.0, 4
0.8568749999999937, nan, 6.283185307179586, -0.0036938940575083866, 0.0, 0.0, 0.0, 0.6721802264329954, 0.0, 5
0.8569531249999938, nan, 6.283185307179586, -0.0036862235600989123, 0.0, 0.0, 0.0, 0.6724355747986978, 0.0, 5
0.8570312499999938, nan, 6.283185307179586, -0.003678544204311108, 0.0, 0.0, 0.0, 0.672691814351526, 0.0, 5
0.8571093749999938, nan, 6.283185307179586, -0.003670863858558937, 0.0, 0.0, 0.0, 0.6729489485156203, 0.0, 5
0.8571874999999939, nan, 6.283185307179586, -0.003663169696320826, 0.0, 0.0, 0.0, 0.6732069854828653, 0.0, 5
0.8572656249999939, nan, 6.283185307179586, -0.0036554664491106805, 0.0, 0.0, 0.0, 0.6734659196927981, 0.0, 5
0.857343749999994, nan, 6.283185307179586, -0.0036477634637010234, 0.0, 0.0, 0.0, 0.6737257558217673, 0.0, 5
0.857421874999994, nan, 6.283185307179586, -0.0036400451456753964, 0.0, 0.0, 0.0, 0.6739864997266669, 0.0, 5
0.857499999999994, nan, 6.283185307179586, -0.0036323174311979414, 0.0, 0.0, 0.0, 0.674248146903916, 0.0, 5
0.8575781249999941, nan, 6.283185307179586, -0.0036245916940437803, 0.0, 0.0, 0.0, 0.6745107039131767, 0.0, 5
0.8576562499999941, nan, 6.283185307179586, -0.0036168485347744654, 0.0, 0.0, 0.0, 0.6747741730550167, 0.0, 5
0.8577343749999942, nan, 6.283185307179586, -0.0036091058046021046, 0.0, 0.0, 0.0, 0.6750385492551205, 0.0, 6
0.8578124999999942, nan, 6.283185307179586, -0.003601346963741139, 0.0, 0.0, 0.0, 0.6753038484987335, 0.0, 6
0.8578906249999942, nan, 6.283185307179586, -0.003593577930906098, 0.0, 0.0, 0.0, 0.675570061152488, 0.0, 7
0.8579687499999943, nan, 6.283185307179586, -0.003585812355214488, 0.0, 0.0, 0.0, 0.6758371904248612, 0.0, 7
0.8580468749999943, nan, 6.283185307179586, -0.0035780269768907087, 0.0, 0.0, 0.0, 0.6761052456520981, 0.0, 8
0.8581249999999944, nan, 6.283185307179586, -0.0035702443144347245, 0.0, 0.0, 0.0, 0.6763742162859746, 0.0, 11
0.8581640624999943, nan, 6.283185307179586, -0.0035663486736398574, 0.0, 0.0, 0.0, 0.6765090455394328, 0.0, 7
0.8582031249999943, nan, 6.283185307179586, -0.003562442273797455, 0.0, 0.0, 0.0, 0.6766441225872369, 0.0, 6
0.8582421874999943, nan, 6.283185307179586, -0.0035585438228904636, 0.0, 0.0, 0.0, 0.6767794181092829, 0.0, 6
0.8582812499999942, nan, 6.283185307179586, -0.0035546424720888, 0.0, 0.0, 0.0, 0.6769149439074297, 0.0, 6
0.8583203124999942, nan, 6.283185307179586, -0.003550738211754756, 0.0, 0.0, 0.0, 0.6770507006187686, 0.0, 6
0.8583593749999942, nan, 6.283185307179586, -0.003546831056457626, 0.0, 0.0, 0.0, 0.6771866889917214, 0.0, 6
0.8583984374999941, nan, 6.283185307179586, -0.0035429166641488645, 0.0, 0.0, 0.0, 0.6773229349238942, 0.0, 7
0.8584374999999941, nan, 6.283185307179586, -0.0035390067000428435, 0.0, 0.0, 0.0, 0.6774593915020968, 0.0, 7
0.858476562499994, nan, 6.283185307179586, -0.00353509379451636, 0.0, 0.0, 0.0, 0.6775960805098658, 0.0, 7
0.858515624999994, nan, 6.283185307179586, -0.003531177978735876, 0.0, 0.0, 0.0, 0.6777330027765385, 0.0, 7
0.858554687499994, nan, 6.283185307179586, -0.0035272593112222962, 0.0, 0.0, 0.0, 0.677870159197299, 0.0, 7
0.8585937499999939, nan, 6.283185307179586, -0.003523337642955229, 0.0, 0.0, 0.0, 0.6780075771312082, 0.0, 7
0.8586328124999939, nan, 6.283185307179586, -0.003519416052229076, 0.0, 0.0, 0.0, 0.6781452031587766, 0.0, 8
0.8586718749999939, nan, 6.283185307179586, -0.003515491536232196, 0.0, 0.0, 0.0, 0.6782830641010539, 0.0, 9
0.8587109374999938, nan, 6.283185307179586, -0.0035115641781247767, 0.0, 0.0, 0.0, 0.6784211608849863, 0.0, 9
0.8587499999999938, nan, 6.283185307179586, -0.0035076372355389183, 0.0, 0.0, 0.0, 0.6785595169497877, 0.0, 9
0.8587890624999938, nan, 6.283185307179586, -0.0035037068437348794, 0.0, 0.0, 0.0, 0.6786980842787962, 0.0, 10
0.8588281249999937, nan, 6.283185307179586, -0.003499773515880759, 0.0, 0.0, 0.0, 0.6788368882238022, 0.0, 10
0.8588671874999937, nan, 6.283185307179586, -0.003495837367858857, 0.0, 0.0, 0.0, 0.6789759297113718, 0.0, 10
0.8589062499999937, nan, 6.283185307179586, -0.0034918985346785144, 0.0, 0.0, 0.0, 0.6791152095900373, 0.0, 10
0.8589453124999936, nan, 6.283185307179586, -0.0034879571626030025, 0.0, 0.0, 0.0, 0.6792547285754937, 0.0, 9
0.8589843749999936, nan, 6.283185307179586, -0.003484013400599195, 0.0, 0.0, 0.0, 0.6793944872085677, 0.0, 9
0.8590234374999935, nan, 6.283185307179586, -0.0034800485997031204, 0.0, 0.0, 0.0, 0.6795345430674032, 0.0, 10
0.8590624999999935, nan, 6.283185307179586, -0.0034761039493541577, 0.0, 0.0, 0.0, 0.6796747765824002, 0.0, 10
0.8591015624999935, nan, 6.283185307179586, -0.003472157186473269, 0.0, 0.0, 0.0, 0.6798152479140274, 0.0, 10
0.8591406249999934, nan, 6.283185307179586, -0.0034682083073309016, 0.0, 0.0, 0.0, 0.6799559573311589, 0.0, 9
0.8591796874999934, nan, 6.283185307179586, -0.003464257308162008, 0.0, 0.0, 0.0, 0.6800969051030119, 0.0, 9
0.8592187499999934, nan, 6.283185307179586, -0.0034603041852179356, 0.0, 0.0, 0.0, 0.6802380914989754, 0.0, 9
0.8592578124999933, nan, 6.283185307179586, -0.003456348934729792, 0.0, 0.0, 0.0, 0.6803795167886567, 0.0, 8
0.8592968749999933, nan, 6.283185307179586, -0.0034523915529128505, 0.0, 0.0, 0.0, 0.6805211812419093, 0.0, 7
0.8593359374999933, nan, 6.283185307179586, -0.0034484320359965937, 0.0, 0.0, 0.0, 0.6806630851288528, 0.0, 7
0.8593749999999932, nan, 6.283185307179586, -0.003444470380176979, 0.0, 0.0, 0.0, 0.6808052287197751, 0.0, 7
0.8594140624999932, nan, 6.283185307179586, -0.0034405065816606835, 0.0, 0.0, 0.0, 0.6809476122852242, 0.0, 7
0.8594531249999932, nan, 6.283185307179586, -0.003436540636646114, 0.0, 0.0, 0.0, 0.6810902360960077, 0.0, 7
0.8594921874999931, nan, 6.283185307179586, -0.003432572541311153, 0.0, 0.0, 0.0, 0.6812331004231238, 0.0, 7
0.8595312499999931, nan, 6.283185307179586, -0.003428602291830325, 0.0, 0.0, 0.0, 0.6813762055378471, 0.0, 7
0.859570312499993, nan, 6.283185307179586, -0.0034246298843718607, 0.0, 0.0, 0.0, 0.6815195517116296, 0.0, 6
0.859609374999993, nan, 6.283185307179586, -0.0034206553151016547, 0.0, 0.0, 0.0, 0.6816631392162074, 0.0, 6
0.859648437499993, nan, 6.283185307179586, -0.0034166785801619036, 0.0, 0.0, 0.0, 0.6818069683235686, 0.0, 6
0.8596874999999929, nan, 6.283185307179586, -0.0034126996757039584, 0.0, 0.0, 0.0, 0.6819510393058669, 0.0, 6
0.8597265624999929, nan, 6.283185307179586, -0.0034087185978633845, 0.0, 0.0, 0.0, 0.6820953524355751, 0.0, 5
0.8597656249999929, nan, 6.283185307179586, -0.0034047353427651902, 0.0, 0.0, 0.0, 0.6822399079853579, 0.0, 5
0.8598046874999928, nan, 6.283185307179586, -0.0034007499065236498, 0.0, 0.0, 0.0, 0.6823847062281305, 0.0, 5
0.8598437499999928, nan, 6.283185307179586, -0.0033967622852462895, 0.0, 0.0, 0.0, 0.6825297474370399, 0.0, 5
0.8598828124999928, nan, 6.283185307179586, -0.0033927724750509253, 0.0, 0.0, 0.0, 0.6826750318855106, 0.0, 5
0.8599218749999927, nan, 6.283185307179586, -0.003388780472024375, 0.0, 0.0, 0.0, 0.6828205598471956, 0.0, 5
0.8599609374999927, nan, 6.283185307179586, -0.003384786272246635, 0.0, 0.0, 0.0, 0.6829663315959664, 0.0, 5
0.8599999999999927, nan, 6.283185307179586, -0.0033807898717995565, 0.0, 0.0, 0.0, 0.6831123474059683, 0.0, 5
0.8600390624999926, nan, 6.283185307179586, -0.0033767912667405186, 0.0, 0.0, 0.0, 0.6832586075515671, 0.0, 5
0.8600781249999926, nan, 6.283185307179586, -0.0033727904531497205, 0.0, 0.0, 0.0, 0.6834051123073873, 0.0, 5
0.8601171874999926, nan, 6.283185307179586, -0.0033687874270618458, 0.0, 0.0, 0.0, 0.6835518619483727, 0.0, 5
0.8601562499999925, nan, 6.283185307179586, -0.003364782184537362, 0.0, 0.0, 0.0, 0.6836988567495512, 0.0, 5
0.8601953124999925, nan, 6.283185307179586, -0.0033607747215862425, 0.0, 0.0, 0.0, 0.6838460969863555, 0.0, 5
0.8602343749999924, nan, 6.283185307179586, -0.0033567650342530893, 0.0, 0.0, 0.0, 0.683993582934402, 0.0, 5
0.8602734374999924, nan, 6.283185307179586, -0.0033527531185562256, 0.0, 0.0, 0.0, 0.6841413148695659, 0.0, 5
0.8603124999999924, nan, 6.283185307179586, -0.0033487389704922096, 0.0, 0.0, 0.0, 0.6842892930679706, 0.0, 5
0.8603515624999923, nan, 6.283185307179586, -0.0033447225860731263, 0.0, 0.0, 0.0, 0.6844375178060327, 0.0, 5
0.8603906249999923, nan, 6.283185307179586, -0.003340703961293245, 0.0, 0.0, 0.0, 0.6845859893603475, 0.0, 5
0.8604296874999923, nan, 6.283185307179586, -0.003336683092121332, 0.0, 0.0, 0.0, 0.6847347080078462, 0.0, 5
0.8604687499999922, nan, 6.283185307179586, -0.003332659974540099, 0.0, 0.0, 0.0, 0.6848836740256677, 0.0, 5
0.8605078124999922, nan, 6.283185307179586, -0.003328634604517896, 0.0, 0.0, 0.0, 0.6850328876911879, 0.0, 5
0.8605468749999922, nan, 6.283185307179586, -0.0033246069780051464, 0.0, 0.0, 0.0, 0.6851823492821296, 0.0, 5
0.8605859374999921, nan, 6.283185307179586, -0.0033205770909543477, 0.0, 0.0, 0.0, 0.6853320590763963, 0.0, 4
0.8606249999999921, nan, 6.283185307179586, -0.003316544939313548, 0.0, 0.0, 0.0, 0.6854820173521339, 0.0, 4
0.860664062499992, nan, 6.283185307179586, -0.0033125105189937246, 0.0, 0.0, 0.0, 0.6856322243878705, 0.0, 4
0.860703124999992, nan, 6.283185307179586, -0.003308473825937413, 0.0, 0.0, 0.0, 0.6857826804622711, 0.0, 4
0.860742187499992, nan, 6.283185307179586, -0.003304434856039346, 0.0, 0.0, 0.0, 0.6859333858543081, 0.0, 4
0.860781249999992, nan, 6.283185307179586, -0.0033003936052207854, 0.0, 0.0, 0.0, 0.6860843408432216, 0.0, 4
0.8608203124999919, nan, 6.283185307179586, -0.003296350069365646, 0.0, 0.0, 0.0, 0.6862355457085676, 0.0, 4
0.8608593749999919, nan, 6.283185307179586, -0.003292304244367879, 0.0, 0.0, 0.0, 0.6863870007300361, 0.0, 4
0.8608984374999918, nan, 6.283185307179586, -0.003288256126099958, 0.0, 0.0, 0.0, 0.6865387061876965, 0.0, 4
0.8609374999999918, nan, 6.283185307179586, -0.0032842057104277337, 0.0, 0.0, 0.0, 0.6866906623619, 0.0, 4
0.8609765624999918, nan, 6.283185307179586, -0.0032801529932214254, 0.0, 0.0, 0.0, 0.6868428695331765, 0.0, 4
0.8610156249999917, nan, 6.283185307179586, -0.0032760979703260556, 0.0, 0.0, 0.0, 0.6869953279823934, 0.0, 4
0.8610546874999917, nan, 6.283185307179586, -0.0032720406375820747, 0.0, 0.0, 0.0, 0.6871480379906754, 0.0, 4
0.8610937499999917, nan, 6.283185307179586, -0.003267980990815029, 0.0, 0.0, 0.0, 0.6873009998394138, 0.0, 4
0.8611328124999916, nan, 6.283185307179586, -0.0032639190258678674, 0.0, 0.0, 0.0, 0.6874542138102392, 0.0, 4
0.8611718749999916, nan, 6.283185307179586, -0.0032598547385277272, 0.0, 0.0, 0.0, 0.6876076801851584, 0.0, 4
0.8612109374999916, nan, 6.283185307179586, -0.0032557881246323855, 0.0, 0.0, 0.0, 0.68776139924636, 0.0, 4
0.8612499999999915, nan, 6.283185307179586, -0.003251719179951307, 0.0, 0.0, 0.0, 0.6879153712763091, 0.0, 4
0.8612890624999915, nan, 6.283185307179586, -0.0032476479002786977, 0.0, 0.0, 0.0, 0.6880695965578293, 0.0, 4
0.8613281249999915, nan, 6.283185307179586, -0.003243574281396977, 0.0, 0.0, 0.0, 0.6882240753739747, 0.0, 4
0.8613671874999914, nan, 6.283185307179586, -0.003239498319073999, 0.0, 0.0, 0.0, 0.6883788080080341, 0.0, 4
0.8614062499999914, nan, 6.283185307179586, -0.00323542000906056, 0.0, 0.0, 0.0, 0.68853379474367, 0.0, 4
0.8614453124999913, nan, 6.283185307179586, -0.003231339347109249, 0.0, 0.0, 0.0, 0.6886890358647552, 0.0, 4
0.8614843749999913, nan, 6.283185307179586, -0.0032272563289712205, 0.0, 0.0, 0.0, 0.6888445316555005, 0.0, 4
0.8615234374999913, nan, 6.283185307179586, -0.003223170950365884, 0.0, 0.0, 0.0, 0.6890002824003476, 0.0, 4
0.8615624999999912, nan, 6.283185307179586, -0.0032190832070225273, 0.0, 0.0, 0.0, 0.6891562883840593, 0.0, 4
0.8616015624999912, nan, 6.283185307179586, -0.003214993094644892, 0.0, 0.0, 0.0, 0.6893125498916808, 0.0, 4
0.8616406249999912, nan, 6.283185307179586, -0.0032109006089446838, 0.0, 0.0, 0.0, 0.689469067208548, 0.0, 3
0.8616796874999911, nan, 6.283185307179586, -0.003206805745605266, 0.0, 0.0, 0.0, 0.6896258406202691, 0.0, 3
0.8617187499999911, nan, 6.283185307179586, -0.003202708500320863, 0.0, 0.0, 0.0, 0.6897828704127642, 0.0, 3
0.8617578124999911, nan, 6.283185307179586, -0.0031986088687527467, 0.0, 0.0, 0.0, 0.6899401568722411, 0.0, 3
0.861796874999991, nan, 6.283185307179586, -0.0031945068465819566, 0.0, 0.0, 0.0, 0.6900977002852083, 0.0, 3
0.861835937499991, nan, 6.283185307179586, -0.003190402429459876, 0.0, 0.0, 0.0, 0.6902555009384244, 0.0, 3
0.861874999999991, nan, 6.283185307179586, -0.003186295613010613, 0.0, 0.0, 0.0, 0.6904135591189837, 0.0, 3
0.8619140624999909, nan, 6.283185307179586, -0.003182186392904276, 0.0, 0.0, 0.0, 0.6905718751142897, 0.0, 4
0.8619531249999909, nan, 6.283185307179586, -0.00317814903018213, 0.0, 0.0, 0.0, 0.6907302026489643, 0.0, 3
0.8619921874999908, nan, 6.283185307179586, -0.0031739607241380936, 0.0, 0.0, 0.0, 0.6908892817001773, 0.0, 3
0.8620312499999908, nan, 6.283185307179586, -0.0031699246632907645, 0.0, 0.0, 0.0, 0.6910481140456922, 0.0, 3
0.8620703124999908, nan, 6.283185307179586, -0.003165805600529584, 0.0, 0.0, 0.0, 0.6912074499685716, 0.0, 3
0.8621093749999907, nan, 6.283185307179586, -0.00316168574696779, 0.0, 0.0, 0.0, 0.6913670747137036, 0.0, 3
0.8621484374999907, nan, 6.283185307179586, -0.0031575661533448456, 0.0, 0.0, 0.0, 0.6915269174131107, 0.0, 3
0.8621874999999907, nan, 6.283185307179586, -0.003153440372245213, 0.0, 0.0, 0.0, 0.6916870294159819, 0.0, 4
0.8622265624999906, nan, 6.283185307179586, -0.003149312096799076, 0.0, 0.0, 0.0, 0.6918474377801682, 0.0, 4
0.8622656249999906, nan, 6.283185307179586, -0.003145185768314847, 0.0, 0.0, 0.0, 0.6920080581429451, 0.0, 4
0.8623046874999906, nan, 6.283185307179586, -0.003141053230342814, 0.0, 0.0, 0.0, 0.6921689487746602, 0.0, 4
0.8623437499999905, nan, 6.283185307179586, -0.003136916491733989, 0.0, 0.0, 0.0, 0.6923301434785721, 0.0, 4
0.8623828124999905, nan, 6.283185307179586, -0.0031327833912758655, 0.0, 0.0, 0.0, 0.6924915440206485, 0.0, 4
0.8624218749999905, nan, 6.283185307179586, -0.0031286440573151174, 0.0, 0.0, 0.0, 0.6926532158151265, 0.0, 4
0.8624609374999904, nan, 6.283185307179586, -0.0031244988146737953, 0.0, 0.0, 0.0, 0.6928151996275649, 0.0, 4
0.8624999999999904, nan, 6.283185307179586, -0.0031203589045552607, 0.0, 0.0, 0.0, 0.6929773828617002, 0.0, 4
0.8625390624999903, nan, 6.283185307179586, -0.003116199503401031, 0.0, 0.0, 0.0, 0.693139917519754, 0.0, 4
0.8625781249999903, nan, 6.283185307179586, -0.0031120589465981337, 0.0, 0.0, 0.0, 0.693302614051192, 0.0, 4
0.8626171874999903, nan, 6.283185307179586, -0.0031079121905548527, 0.0, 0.0, 0.0, 0.6934655825231189, 0.0, 4
0.8626562499999902, nan, 6.283185307179586, -0.0031037441837352036, 0.0, 0.0, 0.0, 0.6936289114772477, 0.0, 4
0.8626953124999902, nan, 6.283185307179586, -0.0030995967693515565, 0.0, 0.0, 0.0, 0.6937923946272164, 0.0, 4
0.8627343749999902, nan, 6.283185307179586, -0.0030954431302059235, 0.0, 0.0, 0.0, 0.6939561508724313, 0.0, 4
0.8627734374999901, nan, 6.283185307179586, -0.003091266473929974, 0.0, 0.0, 0.0, 0.6941202769483936, 0.0, 4
0.8628124999999901, nan, 6.283185307179586, -0.003087112163604326, 0.0, 0.0, 0.0, 0.6942845492473442, 0.0, 4
0.8628515624999901, nan, 6.283185307179586, -0.0030829516033161314, 0.0, 0.0, 0.0, 0.6944490957993994, 0.0, 4
0.86289062499999, nan, 6.283185307179586, -0.0030787662542960115, 0.0, 0.0, 0.0, 0.6946140218387505, 0.0, 4
0.86292968749999, nan, 6.283185307179586, -0.003074605008906102, 0.0, 0.0, 0.0, 0.6947790858228958, 0.0, 4
0.86296874999999, nan, 6.283185307179586, -0.0030704374898453467, 0.0, 0.0, 0.0, 0.6949444252299817, 0.0, 4
0.8630078124999899, nan, 6.283185307179586, -0.003066243405071602, 0.0, 0.0, 0.0, 0.6951101540835924, 0.0, 4
0.8630468749999899, nan, 6.283185307179586, -0.003062075184163691, 0.0, 0.0, 0.0, 0.6952760122916568, 0.0, 4
0.8630859374999899, nan, 6.283185307179586, -0.003057900668405172, 0.0, 0.0, 0.0, 0.695442147108102, 0.0, 4
0.8631249999999898, nan, 6.283185307179586, -0.0030536978056512824, 0.0, 0.0, 0.0, 0.6956086816391335, 0.0, 4
0.8631640624999898, nan, 6.283185307179586, -0.003049522568130314, 0.0, 0.0, 0.0, 0.6957753366208965, 0.0, 4
0.8632031249999897, nan, 6.283185307179586, -0.003045341016671143, 0.0, 0.0, 0.0, 0.695942269402334, 0.0, 4
0.8632421874999897, nan, 6.283185307179586, -0.0030411293348582553, 0.0, 0.0, 0.0, 0.6961096124850302, 0.0, 4
0.8632812499999897, nan, 6.283185307179586, -0.0030369470386722884, 0.0, 0.0, 0.0, 0.6962770668010201, 0.0, 4
0.8633203124999896, nan, 6.283185307179586, -0.0030327584121679465, 0.0, 0.0, 0.0, 0.6964448001118242, 0.0, 4
0.8633593749999896, nan, 6.283185307179586, -0.0030285378705245934, 0.0, 0.0, 0.0, 0.6966129546232109, 0.0, 4
0.8633984374999896, nan, 6.283185307179586, -0.0030243484724884594, 0.0, 0.0, 0.0, 0.696781210843444, 0.0, 4
0.8634374999999895, nan, 6.283185307179586, -0.0030201527312318033, 0.0, 0.0, 0.0, 0.6969497472576216, 0.0, 4
0.8634765624999895, nan, 6.283185307179586, -0.003015923290634665, 0.0, 0.0, 0.0, 0.6971187160845069, 0.0, 4
0.8635156249999895, nan, 6.283185307179586, -0.0030117267463432235, 0.0, 0.0, 0.0, 0.6972877767904482, 0.0, 4
0.8635546874999894, nan, 6.283185307179586, -0.0030075238495449923, 0.0, 0.0, 0.0, 0.6974571188874273, 0.0, 4
0.8635937499999894, nan, 6.283185307179586, -0.0030032854723702034, 0.0, 0.0, 0.0, 0.6976269049225892, 0.0, 4
0.8636328124999894, nan, 6.283185307179586, -0.0029990817362101877, 0.0, 0.0, 0.0, 0.69779677270788, 0.0, 4
0.8636718749999893, nan, 6.283185307179586, -0.002994829163320345, 0.0, 0.0, 0.0, 0.6979671343342241, 0.0, 4
0.8637109374999893, nan, 6.283185307179586, -0.0029906242924440836, 0.0, 0.0, 0.0, 0.6981375292157755, 0.0, 4
0.8637499999999892, nan, 6.283185307179586, -0.002986413317222121, 0.0, 0.0, 0.0, 0.698308206686386, 0.0, 4
0.8637890624999892, nan, 6.283185307179586, -0.002982151817179422, 0.0, 0.0, 0.0, 0.6984793909493379, 0.0, 4
0.8638281249999892, nan, 6.283185307179586, -0.002977939626743706, 0.0, 0.0, 0.0, 0.6986505970655672, 0.0, 4
0.8638671874999891, nan, 6.283185307179586, -0.002973721364032284, 0.0, 0.0, 0.0, 0.6988220868428104, 0.0, 4
0.8639062499999891, nan, 6.283185307179586, -0.0029694509174982846, 0.0, 0.0, 0.0, 0.6989940965834437, 0.0, 4
0.8639453124999891, nan, 6.283185307179586, -0.0029652313510833916, 0.0, 0.0, 0.0, 0.6991661166004978, 0.0, 4
0.863984374999989, nan, 6.283185307179586, -0.002961005750887952, 0.0, 0.0, 0.0, 0.6993384213202373, 0.0, 4
0.864023437499989, nan, 6.283185307179586, -0.002956726341252671, 0.0, 0.0, 0.0, 0.6995112593709062, 0.0, 4
0.864062499999989, nan, 6.283185307179586, -0.0029524993406418636, 0.0, 0.0, 0.0, 0.6996840959730577, 0.0, 4
0.8641015624999889, nan, 6.283185307179586, -0.0029482663513618595, 0.0, 0.0, 0.0, 0.6998572182873346, 0.0, 4
0.8641406249999889, nan, 6.283185307179586, -0.0029439779647752323, 0.0, 0.0, 0.0, 0.7000308874693226, 0.0, 4
0.8641796874999889, nan, 6.283185307179586, -0.0029397434701073496, 0.0, 0.0, 0.0, 0.7002045433610604, 0.0, 4
0.8642187499999888, nan, 6.283185307179586, -0.0029355030383185214, 0.0, 0.0, 0.0, 0.7003784859384542, 0.0, 4
0.8642578124999888, nan, 6.283185307179586, -0.00293120566381972, 0.0, 0.0, 0.0, 0.7005529890612108, 0.0, 4
0.8642968749999888, nan, 6.283185307179586, -0.0029269636134693017, 0.0, 0.0, 0.0, 0.7007274669666866, 0.0, 4
0.8643359374999887, nan, 6.283185307179586, -0.0029227156843170234, 0.0, 0.0, 0.0, 0.700902232494694, 0.0, 4
0.8643749999999887, nan, 6.283185307179586, -0.002918409313572877, 0.0, 0.0, 0.0, 0.7010775723537475, 0.0, 4
0.8644140624999886, nan, 6.283185307179586, -0.0029141596445027645, 0.0, 0.0, 0.0, 0.7012528750179897, 0.0, 4
0.8644531249999886, nan, 6.283185307179586, -0.002909904161378184, 0.0, 0.0, 0.0, 0.701428466202804, 0.0, 4
0.8644921874999886, nan, 6.283185307179586, -0.0029055887884574493, 0.0, 0.0, 0.0, 0.7016046455792093, 0.0, 4
0.8645312499999885, nan, 6.283185307179586, -0.002901331436330381, 0.0, 0.0, 0.0, 0.7017807757686297, 0.0, 4
0.8645703124999885, nan, 6.283185307179586, -0.002897068340783138, 0.0, 0.0, 0.0, 0.7019571953358993, 0.0, 4
0.8646093749999885, nan, 6.283185307179586, -0.0028927439624558933, 0.0, 0.0, 0.0, 0.702134216995896, 0.0, 4
0.8646484374999884, nan, 6.283185307179586, -0.00288847886157327, 0.0, 0.0, 0.0, 0.7023111774975951, 0.0, 4
0.8646874999999884, nan, 6.283185307179586, -0.0028842080934956844, 0.0, 0.0, 0.0, 0.7024884281936864, 0.0, 4
0.8647265624999884, nan, 6.283185307179586, -0.0028798747087084462, 0.0, 0.0, 0.0, 0.7026662948881569, 0.0, 4
0.8647656249999883, nan, 6.283185307179586, -0.0028756017921940146, 0.0, 0.0, 0.0, 0.7028440885096109, 0.0, 4
0.8648046874999883, nan, 6.283185307179586, -0.002871323289933671, 0.0, 0.0, 0.0, 0.7030221731020262, 0.0, 4
0.8648437499999883, nan, 6.283185307179586, -0.0028669808996691065, 0.0, 0.0, 0.0, 0.7032008875666682, 0.0, 4
0.8648828124999882, nan, 6.283185307179586, -0.0028627000996912714, 0.0, 0.0, 0.0, 0.7033795171359527, 0.0, 4
0.8649218749999882, nan, 6.283185307179586, -0.002858413799888354, 0.0, 0.0, 0.0, 0.703558438413957, 0.0, 4
0.8649609374999881, nan, 6.283185307179586, -0.002854062406879137, 0.0, 0.0, 0.0, 0.7037380033690901, 0.0, 4
0.8649999999999881, nan, 6.283185307179586, -0.00284977365490979, 0.0, 0.0, 0.0, 0.7039174717341762, 0.0, 4
0.8650390624999881, nan, 6.283185307179586, -0.0028454794926714017, 0.0, 0.0, 0.0, 0.7040972325088612, 0.0, 4
0.865078124999988, nan, 6.283185307179586, -0.0028411191010292466, 0.0, 0.0, 0.0, 0.7042776506614871, 0.0, 4
0.865117187499988, nan, 6.283185307179586, -0.002836822328028274, 0.0, 0.0, 0.0, 0.7044579606889374, 0.0, 4
0.865156249999988, nan, 6.283185307179586, -0.002832520237118056, 0.0, 0.0, 0.0, 0.7046385637931302, 0.0, 4
0.8651953124999879, nan, 6.283185307179586, -0.0028281508519390304, 0.0, 0.0, 0.0, 0.7048198378376936, 0.0, 4
0.8652343749999879, nan, 6.283185307179586, -0.0028238459884607973, 0.0, 0.0, 0.0, 0.7050009924121342, 0.0, 4
0.8652734374999879, nan, 6.283185307179586, -0.0028195616742352956, 0.0, 0.0, 0.0, 0.7051822742569596, 0.0, 4
0.8653124999999878, nan, 6.283185307179586, -0.0028151575283881787, 0.0, 0.0, 0.0, 0.7053645733209021, 0.0, 4
0.8653515624999878, nan, 6.283185307179586, -0.0028108445049512135, 0.0, 0.0, 0.0, 0.7055465753436393, 0.0, 4
0.8653906249999878, nan, 6.283185307179586, -0.002806553904048638, 0.0, 0.0, 0.0, 0.7057286931513768, 0.0, 4
0.8654296874999877, nan, 6.283185307179586, -0.0028021389979908033, 0.0, 0.0, 0.0, 0.705911865564482, 0.0, 4
0.8654687499999877, nan, 6.283185307179586, -0.0027978177454458463, 0.0, 0.0, 0.0, 0.706094717951355, 0.0, 4
0.8655078124999876, nan, 6.283185307179586, -0.002793520647154903, 0.0, 0.0, 0.0, 0.7062776751832055, 0.0, 3
0.8655468749999876, nan, 6.283185307179586, -0.0027890951273115963, 0.0, 0.0, 0.0, 0.7064617230525119, 0.0, 4
0.8655859374999876, nan, 6.283185307179586, -0.0027847655769276413, 0.0, 0.0, 0.0, 0.7066454287328913, 0.0, 4
0.8656249999999875, nan, 6.283185307179586, -0.002780461758707261, 0.0, 0.0, 0.0, 0.7068292289690411, 0.0, 3
0.8656640624999875, nan, 6.283185307179586, -0.002776025781713131, 0.0, 0.0, 0.0, 0.7070141543004387, 0.0, 4
0.8657031249999875, nan, 6.283185307179586, -0.0027716878655203226, 0.0, 0.0, 0.0, 0.7071987162152532, 0.0, 4
0.8657421874999874, nan, 6.283185307179586, -0.0027673770927250795, 0.0, 0.0, 0.0, 0.7073833631617078, 0.0, 3
0.8657812499999874, nan, 6.283185307179586, -0.002762930825255842, 0.0, 0.0, 0.0, 0.7075691678563899, 0.0, 4
0.8658203124999874, nan, 6.283185307179586, -0.002758584476363031, 0.0, 0.0, 0.0, 0.7077545889558677, 0.0, 4
0.8658593749999873, nan, 6.283185307179586, -0.0027542665023582184, 0.0, 0.0, 0.0, 0.7079400864496672, 0.0, 3
0.8658984374999873, nan, 6.283185307179586, -0.0027498101206329833, 0.0, 0.0, 0.0, 0.7081267723022144, 0.0, 4
0.8659374999999873, nan, 6.283185307179586, -0.0027454552734713735, 0.0, 0.0, 0.0, 0.7083130555437822, 0.0, 4
0.8659765624999872, nan, 6.283185307179586, -0.0027411298397905658, 0.0, 0.0, 0.0, 0.708499407557638, 0.0, 3
0.8660156249999872, nan, 6.283185307179586, -0.0027366635292528723, 0.0, 0.0, 0.0, 0.7086869762534547, 0.0, 4
0.8660546874999872, nan, 6.283185307179586, -0.0027323001197674525, 0.0, 0.0, 0.0, 0.708874124600027, 0.0, 4
0.8660937499999871, nan, 6.283185307179586, -0.002727966956447818, 0.0, 0.0, 0.0, 0.709061335245784, 0.0, 3
0.8661328124999871, nan, 6.283185307179586, -0.0027235746519624834, 0.0, 0.0, 0.0, 0.7092491806858736, 0.0, 4
0.866171874999987, nan, 6.283185307179586, -0.0027191188769500564, 0.0, 0.0, 0.0, 0.7094378047789218, 0.0, 4
0.866210937499987, nan, 6.283185307179586, -0.0027147777029256372, 0.0, 0.0, 0.0, 0.7096258783108723, 0.0, 3
0.866249999999987, nan, 6.283185307179586, -0.002710380231497524, 0.0, 0.0, 0.0, 0.7098145716986379, 0.0, 4
0.8662890624999869, nan, 6.283185307179586, -0.0027059663498107006, 0.0, 0.0, 0.0, 0.7100037275311335, 0.0, 3
0.8663281249999869, nan, 6.283185307179586, -0.0027015619291403787, 0.0, 0.0, 0.0, 0.7101930455851665, 0.0, 3
0.8663671874999869, nan, 6.283185307179586, -0.002697159292967539, 0.0, 0.0, 0.0, 0.7103825890782608, 0.0, 4
0.8664062499999868, nan, 6.283185307179586, -0.0026927320604329826, 0.0, 0.0, 0.0, 0.7105726548331069, 0.0, 3
0.8664453124999868, nan, 6.283185307179586, -0.0026883194844663236, 0.0, 0.0, 0.0, 0.7107628459359507, 0.0, 3
0.8664843749999868, nan, 6.283185307179586, -0.0026839116862985043, 0.0, 0.0, 0.0, 0.710953241658305, 0.0, 3
0.8665234374999867, nan, 6.283185307179586, -0.0026794710020398658, 0.0, 0.0, 0.0, 0.7111442212527188, 0.0, 3
0.8665624999999867, nan, 6.283185307179586, -0.002675050217714712, 0.0, 0.0, 0.0, 0.7113352882659341, 0.0, 4
0.8666015624999867, nan, 6.283185307179586, -0.0026706372601106535, 0.0, 0.0, 0.0, 0.7115265383120258, 0.0, 3
0.8666406249999866, nan, 6.283185307179586, -0.002666183026779259, 0.0, 0.0, 0.0, 0.7117184356937597, 0.0, 3
0.8666796874999866, nan, 6.283185307179586, -0.0026617539773771343, 0.0, 0.0, 0.0, 0.7119103815114703, 0.0, 4
0.8667187499999865, nan, 6.283185307179586, -0.00265733586184592, 0.0, 0.0, 0.0, 0.7121024879524153, 0.0, 3
0.8667578124999865, nan, 6.283185307179586, -0.002652867986901363, 0.0, 0.0, 0.0, 0.7122953070890796, 0.0, 3
0.8667968749999865, nan, 6.283185307179586, -0.0026484587788443113, 0.0, 0.0, 0.0, 0.7124878951235538, 0.0, 3
0.8668359374999864, nan, 6.283185307179586, -0.002644007337733654, 0.0, 0.0, 0.0, 0.7126810995327126, 0.0, 4
0.8668749999999864, nan, 6.283185307179586, -0.0026395257347847224, 0.0, 0.0, 0.0, 0.7128748444005376, 0.0, 3
0.8669140624999864, nan, 6.283185307179586, -0.0026351113244351175, 0.0, 0.0, 0.0, 0.7130682921512467, 0.0, 3
0.8669531249999863, nan, 6.283185307179586, -0.0026306515327836418, 0.0, 0.0, 0.0, 0.7132623820476228, 0.0, 4
0.8669921874999863, nan, 6.283185307179586, -0.0026261561231201848, 0.0, 0.0, 0.0, 0.7134570566169174, 0.0, 3
0.8670312499999863, nan, 6.283185307179586, -0.0026217364753369494, 0.0, 0.0, 0.0, 0.7136513662514063, 0.0, 3
0.8670703124999862, nan, 6.283185307179586, -0.00261721748818786, 0.0, 0.0, 0.0, 0.7138467683427419, 0.0, 3
0.8671093749999862, nan, 6.283185307179586, -0.002612804982162981, 0.0, 0.0, 0.0, 0.7140415770282852, 0.0, 3
0.8671484374999862, nan, 6.283185307179586, -0.002608334075466335, 0.0, 0.0, 0.0, 0.714237126490299, 0.0, 3
0.8671874999999861, nan, 6.283185307179586, -0.0026038015080467147, 0.0, 0.0, 0.0, 0.7144334631288963, 0.0, 3
0.8672265624999861, nan, 6.283185307179586, -0.0025993833879183036, 0.0, 0.0, 0.0, 0.714629138819749, 0.0, 3
0.867265624999986, nan, 6.283185307179586, -0.002594903967951093, 0.0, 0.0, 0.0, 0.7148255819739653, 0.0, 3
0.867304687499986, nan, 6.283185307179586, -0.0025903578283890936, 0.0, 0.0, 0.0, 0.715022856625153, 0.0, 4
0.867343749999986, nan, 6.283185307179586, -0.0025859339820062713, 0.0, 0.0, 0.0, 0.7152194020298053, 0.0, 3
0.867382812499986, nan, 6.283185307179586, -0.002581445995143453, 0.0, 0.0, 0.0, 0.7154167418482416, 0.0, 3
0.8674218749999859, nan, 6.283185307179586, -0.002576948170226882, 0.0, 0.0, 0.0, 0.7156144522745294, 0.0, 3
0.8674609374999859, nan, 6.283185307179586, -0.002572456609136936, 0.0, 0.0, 0.0, 0.715812375815124, 0.0, 3
0.8674999999999858, nan, 6.283185307179586, -0.0025679599988847326, 0.0, 0.0, 0.0, 0.7160106152966165, 0.0, 3
0.8675390624999858, nan, 6.283185307179586, -0.002563451446089348, 0.0, 0.0, 0.0, 0.7162092433200934, 0.0, 3
0.8675781249999858, nan, 6.283185307179586, -0.0025589511137013516, 0.0, 0.0, 0.0, 0.716408069368262, 0.0, 3
0.8676171874999857, nan, 6.283185307179586, -0.002554445820437446, 0.0, 0.0, 0.0, 0.7166072115414059, 0.0, 3
0.8676562499999857, nan, 6.283185307179586, -0.002549926518568852, 0.0, 0.0, 0.0, 0.7168067602056453, 0.0, 3
0.8676953124999857, nan, 6.283185307179586, -0.002545417340057785, 0.0, 0.0, 0.0, 0.7170064919139801, 0.0, 3
0.8677343749999856, nan, 6.283185307179586, -0.0025409033006122575, 0.0, 0.0, 0.0, 0.7172065398425828, 0.0, 4
0.8677734374999856, nan, 6.283185307179586, -0.0025363732361283397, 0.0, 0.0, 0.0, 0.7174070121430481, 0.0, 3
0.8678124999999856, nan, 6.283185307179586, -0.002531855132419235, 0.0, 0.0, 0.0, 0.7176076527111988, 0.0, 3
0.8678515624999855, nan, 6.283185307179586, -0.0025273322798370335, 0.0, 0.0, 0.0, 0.7178086094973378, 0.0, 4
0.8678906249999855, nan, 6.283185307179586, -0.0025227914475671465, 0.0, 0.0, 0.0, 0.7180100083712412, 0.0, 3
0.8679296874999854, nan, 6.283185307179586, -0.0025182643350608333, 0.0, 0.0, 0.0, 0.7182115610505271, 0.0, 3
0.8679687499999854, nan, 6.283185307179586, -0.0025137134407102308, 0.0, 0.0, 0.0, 0.7184135994692744, 0.0, 3
0.8680078124999854, nan, 6.283185307179586, -0.002509181001837833, 0.0, 0.0, 0.0, 0.7186157581576913, 0.0, 3
0.8680468749999853, nan, 6.283185307179586, -0.002504644792406592, 0.0, 0.0, 0.0, 0.718818226253019, 0.0, 3
0.8680859374999853, nan, 6.283185307179586, -0.002500083546216943, 0.0, 0.0, 0.0, 0.7190211928184757, 0.0, 3
0.8681249999999853, nan, 6.283185307179586, -0.0024955417482390237, 0.0, 0.0, 0.0, 0.7192242707962828, 0.0, 3
0.8681640624999852, nan, 6.283185307179586, -0.002490996349115101, 0.0, 0.0, 0.0, 0.7194276576696836, 0.0, 3
0.8682031249999852, nan, 6.283185307179586, -0.0024864247992163993, 0.0, 0.0, 0.0, 0.7196315548226602, 0.0, 3
0.8682421874999852, nan, 6.283185307179586, -0.002481873536373646, 0.0, 0.0, 0.0, 0.7198355556068727, 0.0, 3
0.8682812499999851, nan, 6.283185307179586, -0.0024773188501075404, 0.0, 0.0, 0.0, 0.7200398646801782, 0.0, 3
0.8683203124999851, nan, 6.283185307179586, -0.002472737052846456, 0.0, 0.0, 0.0, 0.7202446947743423, 0.0, 3
0.8683593749999851, nan, 6.283185307179586, -0.002468176216160905, 0.0, 0.0, 0.0, 0.7204496219352552, 0.0, 3
0.868398437499985, nan, 6.283185307179586, -0.0024636121406419304, 0.0, 0.0, 0.0, 0.7206548566924874, 0.0, 3
0.868437499999985, nan, 6.283185307179586, -0.002459020160160518, 0.0, 0.0, 0.0, 0.7208606219926802, 0.0, 3
0.868476562499985, nan, 6.283185307179586, -0.0024544496377234934, 0.0, 0.0, 0.0, 0.7210664791532865, 0.0, 3
0.8685156249999849, nan, 6.283185307179586, -0.002449876066477451, 0.0, 0.0, 0.0, 0.7212726431401058, 0.0, 3
0.8685546874999849, nan, 6.283185307179586, -0.0024452739739277423, 0.0, 0.0, 0.0, 0.7214793458255688, 0.0, 3
0.8685937499999848, nan, 6.283185307179586, -0.002440693651497953, 0.0, 0.0, 0.0, 0.7216861366576484, 0.0, 3
0.8686328124999848, nan, 6.283185307179586, -0.0024361104737050483, 0.0, 0.0, 0.0, 0.7218932334837836, 0.0, 3
0.8686718749999848, nan, 6.283185307179586, -0.002431498346453518, 0.0, 0.0, 0.0, 0.722100875651056, 0.0, 3
0.8687109374999847, nan, 6.283185307179586, -0.0024269081078949033, 0.0, 0.0, 0.0, 0.722308603872684, 0.0, 3
0.8687499999999847, nan, 6.283185307179586, -0.002422315208981435, 0.0, 0.0, 0.0, 0.722516637208354, 0.0, 3
0.8687890624999847, nan, 6.283185307179586, -0.0024176931294051882, 0.0, 0.0, 0.0, 0.7227252208787746, 0.0, 3
0.8688281249999846, nan, 6.283185307179586, -0.0024130928574194284, 0.0, 0.0, 0.0, 0.7229338902485541, 0.0, 3
0.8688671874999846, nan, 6.283185307179586, -0.0024084901192537, 0.0, 0.0, 0.0, 0.7231428638251831, 0.0, 3
0.8689062499999846, nan, 6.283185307179586, -0.0024038581736293657, 0.0, 0.0, 0.0, 0.723352390951891, 0.0, 3
0.8689453124999845, nan, 6.283185307179586, -0.002399247750418236, 0.0, 0.0, 0.0, 0.7235620052635634, 0.0, 3
0.8689843749999845, nan, 6.283185307179586, -0.002394635051917993, 0.0, 0.0, 0.0, 0.7237719228695775, 0.0, 3
0.8690234374999845, nan, 6.283185307179586, -0.0023899933289126397, 0.0, 0.0, 0.0, 0.7239823953495286, 0.0, 3
0.8690624999999844, nan, 6.283185307179586, -0.0023853726369093336, 0.0, 0.0, 0.0, 0.724192958425468, 0.0, 3
0.8691015624999844, nan, 6.283185307179586, -0.0023807498546813115, 0.0, 0.0, 0.0, 0.7244038239021183, 0.0, 3
0.8691406249999843, nan, 6.283185307179586, -0.002376098443786731, 0.0, 0.0, 0.0, 0.7246152435889852, 0.0, 3
0.8691796874999843, nan, 6.283185307179586, -0.0023714673662840486, 0.0, 0.0, 0.0, 0.7248267592745468, 0.0, 3
0.8692187499999843, nan, 6.283185307179586, -0.002366834375352211, 0.0, 0.0, 0.0, 0.7250385765100199, 0.0, 3
0.8692578124999842, nan, 6.283185307179586, -0.002362173365280689, 0.0, 0.0, 0.0, 0.7252509452283774, 0.0, 3
0.8692968749999842, nan, 6.283185307179586, -0.0023575317873428064, 0.0, 0.0, 0.0, 0.7254634173827116, 0.0, 3
0.8693359374999842, nan, 6.283185307179586, -0.0023528884617857316, 0.0, 0.0, 0.0, 0.7256761903070291, 0.0, 4
0.8693749999999841, nan, 6.283185307179586, -0.0023482179386469775, 0.0, 0.0, 0.0, 0.7258895098702557, 0.0, 3
0.8694140624999841, nan, 6.283185307179586, -0.00234356574776588, 0.0, 0.0, 0.0, 0.7261029423593361, 0.0, 3
0.8694531249999841, nan, 6.283185307179586, -0.0023389119616238595, 0.0, 0.0, 0.0, 0.7263166749363258, 0.0, 4
0.869492187499984, nan, 6.283185307179586, -0.002334232007282492, 0.0, 0.0, 0.0, 0.726530947162947, 0.0, 3
0.869531249999984, nan, 6.283185307179586, -0.0023295690940227493, 0.0, 0.0, 0.0, 0.7267453438521869, 0.0, 3
0.869570312499984, nan, 6.283185307179586, -0.002324904722187506, 0.0, 0.0, 0.0, 0.7269600400704685, 0.0, 4
0.8696093749999839, nan, 6.283185307179586, -0.002320215412423699, 0.0, 0.0, 0.0, 0.7271752668040862, 0.0, 3
0.8696484374999839, nan, 6.283185307179586, -0.002315541671081708, 0.0, 0.0, 0.0, 0.7273906315508231, 0.0, 3
0.8696874999999838, nan, 6.283185307179586, -0.0023109133465365438, 0.0, 0.0, 0.0, 0.7276058317613475, 0.0, 4
0.8697265624999838, nan, 6.283185307179586, -0.0023061679930045193, 0.0, 0.0, 0.0, 0.7278224785435203, 0.0, 3
0.8697656249999838, nan, 6.283185307179586, -0.0023014833221715876, 0.0, 0.0, 0.0, 0.7280388151896455, 0.0, 3
0.8698046874999837, nan, 6.283185307179586, -0.0022968451897458714, 0.0, 0.0, 0.0, 0.7282549727015767, 0.0, 4
0.8698437499999837, nan, 6.283185307179586, -0.0022920895855137353, 0.0, 0.0, 0.0, 0.728472592185513, 0.0, 3
0.8698828124999837, nan, 6.283185307179586, -0.0022873938884987077, 0.0, 0.0, 0.0, 0.728689904551355, 0.0, 3
0.8699218749999836, nan, 6.283185307179586, -0.0022827455360088537, 0.0, 0.0, 0.0, 0.7289070260987985, 0.0, 4
0.8699609374999836, nan, 6.283185307179586, -0.002278081252724487, 0.0, 0.0, 0.0, 0.7291245409200793, 0.0, 3
0.8699999999999836, nan, 6.283185307179586, -0.002273273209031482, 0.0, 0.0, 0.0, 0.7293439094703832, 0.0, 3
0.8700390624999835, nan, 6.283185307179586, -0.0022686142138734554, 0.0, 0.0, 0.0, 0.729562002010996, 0.0, 4
0.8700781249999835, nan, 6.283185307179586, -0.002263947056385415, 0.0, 0.0, 0.0, 0.7297804095403227, 0.0, 3
0.8701171874999835, nan, 6.283185307179586, -0.0022592220246283536, 0.0, 0.0, 0.0, 0.7299997423525731, 0.0, 3
0.8701562499999834, nan, 6.283185307179586, -0.0022545109732242455, 0.0, 0.0, 0.0, 0.7302192674529713, 0.0, 4
0.8701953124999834, nan, 6.283185307179586, -0.0022497809762579346, 0.0, 0.0, 0.0, 0.7304392129618686, 0.0, 3
0.8702343749999834, nan, 6.283185307179586, -0.0022450471999733482, 0.0, 0.0, 0.0, 0.7306595454732351, 0.0, 3
0.8702734374999833, nan, 6.283185307179586, -0.0022403193955828453, 0.0, 0.0, 0.0, 0.7308800771279428, 0.0, 3
0.8703124999999833, nan, 6.283185307179586, -0.002235582824350727, 0.0, 0.0, 0.0, 0.7311009614348712, 0.0, 3
0.8703515624999832, nan, 6.283185307179586, -0.0022308360409045726, 0.0, 0.0, 0.0, 0.7313223021238915, 0.0, 3
0.8703906249999832, nan, 6.283185307179586, -0.0022260955945792513, 0.0, 0.0, 0.0, 0.731543839343841, 0.0, 4
0.8704296874999832, nan, 6.283185307179586, -0.0022213524106066617, 0.0, 0.0, 0.0, 0.731765665272839, 0.0, 3
0.8704687499999831, nan, 6.283185307179586, -0.0022165925158079, 0.0, 0.0, 0.0, 0.7319880182457058, 0.0, 3
0.8705078124999831, nan, 6.283185307179586, -0.0022118393857533435, 0.0, 0.0, 0.0, 0.7322105644342809, 0.0, 4
0.8705468749999831, nan, 6.283185307179586, -0.0022070895430174597, 0.0, 0.0, 0.0, 0.7324333348527123, 0.0, 3
0.870585937499983, nan, 6.283185307179586, -0.002202316430610105, 0.0, 0.0, 0.0, 0.73265670428995, 0.0, 3
0.870624999999983, nan, 6.283185307179586, -0.002197550584683851, 0.0, 0.0, 0.0, 0.7328802627737075, 0.0, 4
0.870664062499983, nan, 6.283185307179586, -0.0021927940277154836, 0.0, 0.0, 0.0, 0.7331039806149536, 0.0, 3
0.8707031249999829, nan, 6.283185307179586, -0.0021880075898354557, 0.0, 0.0, 0.0, 0.7333283707672364, 0.0, 3
0.8707421874999829, nan, 6.283185307179586, -0.002183229007061276, 0.0, 0.0, 0.0, 0.7335529447766973, 0.0, 4
0.8707812499999829, nan, 6.283185307179586, -0.0021784656690635746, 0.0, 0.0, 0.0, 0.7337776130638987, 0.0, 3
0.8708203124999828, nan, 6.283185307179586, -0.002173665796854237, 0.0, 0.0, 0.0, 0.7340030282452945, 0.0, 3
0.8708593749999828, nan, 6.283185307179586, -0.0021688744688497497, 0.0, 0.0, 0.0, 0.7342286208957781, 0.0, 4
0.8708984374999827, nan, 6.283185307179586, -0.002164033586817157, 0.0, 0.0, 0.0, 0.7344550589513087, 0.0, 4
0.8709374999999827, nan, 6.283185307179586, -0.0021592908539776003, 0.0, 0.0, 0.0, 0.7346806873488041, 0.0, 3
0.8709765624999827, nan, 6.283185307179586, -0.002154486786338361, 0.0, 0.0, 0.0, 0.7349073016205022, 0.0, 4
0.8710156249999826, nan, 6.283185307179586, -0.002149632694870723, 0.0, 0.0, 0.0, 0.7351347708471268, 0.0, 4
0.8710546874999826, nan, 6.283185307179586, -0.002144882562786971, 0.0, 0.0, 0.0, 0.7353613587562982, 0.0, 4
0.8710937499999826, nan, 6.283185307179586, -0.0021400657763519185, 0.0, 0.0, 0.0, 0.7355889974740993, 0.0, 4
0.8711328124999825, nan, 6.283185307179586, -0.0021352730648222878, 0.0, 0.0, 0.0, 0.735816648534369, 0.0, 4
0.8711718749999825, nan, 6.283185307179586, -0.0021304407242207155, 0.0, 0.0, 0.0, 0.7360450531997662, 0.0, 4
0.8712109374999825, nan, 6.283185307179586, -0.002125611256172407, 0.0, 0.0, 0.0, 0.7362737190142165, 0.0, 4
0.8712499999999824, nan, 6.283185307179586, -0.0021208086960716158, 0.0, 0.0, 0.0, 0.7365023643267016, 0.0, 4
0.8712890624999824, nan, 6.283185307179586, -0.00211599923307995, 0.0, 0.0, 0.0, 0.7367313591209502, 0.0, 3
0.8713281249999824, nan, 6.283185307179586, -0.002111123043655802, 0.0, 0.0, 0.0, 0.7369614768305939, 0.0, 4
0.8713671874999823, nan, 6.283185307179586, -0.0021063105441403466, 0.0, 0.0, 0.0, 0.7371911199755982, 0.0, 4
0.8714062499999823, nan, 6.283185307179586, -0.00210149395095916, 0.0, 0.0, 0.0, 0.7374210819426259, 0.0, 3
0.8714453124999822, nan, 6.283185307179586, -0.002096600957256676, 0.0, 0.0, 0.0, 0.7376522815441473, 0.0, 4
0.8714843749999822, nan, 6.283185307179586, -0.0020917784208067136, 0.0, 0.0, 0.0, 0.7378829261945471, 0.0, 4
0.8715234374999822, nan, 6.283185307179586, -0.002086954589575464, 0.0, 0.0, 0.0, 0.7381138588231155, 0.0, 3
0.8715624999999821, nan, 6.283185307179586, -0.0020820448159940886, 0.0, 0.0, 0.0, 0.7383461438064544, 0.0, 4
0.8716015624999821, nan, 6.283185307179586, -0.0020772121384925375, 0.0, 0.0, 0.0, 0.7385777937300273, 0.0, 4
0.8716406249999821, nan, 6.283185307179586, -0.002072380942419103, 0.0, 0.0, 0.0, 0.7388097007101379, 0.0, 3
0.871679687499982, nan, 6.283185307179586, -0.0020674544392086675, 0.0, 0.0, 0.0, 0.7390430743027752, 0.0, 4
0.871718749999982, nan, 6.283185307179586, -0.00206261151012467, 0.0, 0.0, 0.0, 0.7392757333636729, 0.0, 4
0.871757812499982, nan, 6.283185307179586, -0.0020577728017197733, 0.0, 0.0, 0.0, 0.739508618616139, 0.0, 3
0.8717968749999819, nan, 6.283185307179586, -0.0020528296466823673, 0.0, 0.0, 0.0, 0.7397430837483998, 0.0, 4
0.8718359374999819, nan, 6.283185307179586, -0.002047976349326715, 0.0, 0.0, 0.0, 0.7399767559082341, 0.0, 4
0.8718749999999819, nan, 6.283185307179586, -0.0020431299585952655, 0.0, 0.0, 0.0, 0.7402106236172641, 0.0, 3
0.8719140624999818, nan, 6.283185307179586, -0.002038211243067878, 0.0, 0.0, 0.0, 0.7404456898128157, 0.0, 4
0.8719531249999818, nan, 6.283185307179586, -0.0020333064702557414, 0.0, 0.0, 0.0, 0.7406808722091955, 0.0, 4
0.8719921874999818, nan, 6.283185307179586, -0.0020284522032908594, 0.0, 0.0, 0.0, 0.7409157268505441, 0.0, 3
0.8720312499999817, nan, 6.283185307179586, -0.002023519063925983, 0.0, 0.0, 0.0, 0.7411518624572316, 0.0, 4
0.8720703124999817, nan, 6.283185307179586, -0.002018601687551211, 0.0, 0.0, 0.0, 0.7413880931449781, 0.0, 4
0.8721093749999816, nan, 6.283185307179586, -0.002013739325223083, 0.0, 0.0, 0.0, 0.7416239395143738, 0.0, 3
0.8721484374999816, nan, 6.283185307179586, -0.0020087916731746287, 0.0, 0.0, 0.0, 0.7418611490576239, 0.0, 4
0.8721874999999816, nan, 6.283185307179586, -0.002003861816316835, 0.0, 0.0, 0.0, 0.7420984296255374, 0.0, 4
0.8722265624999815, nan, 6.283185307179586, -0.001998969187511971, 0.0, 0.0, 0.0, 0.7423355499651577, 0.0, 4
0.8722656249999815, nan, 6.283185307179586, -0.0019940817718986513, 0.0, 0.0, 0.0, 0.7425728863542848, 0.0, 4
0.8723046874999815, nan, 6.283185307179586, -0.0019890866718328, 0.0, 0.0, 0.0, 0.7428118925961319, 0.0, 4
0.8723437499999814, nan, 6.283185307179586, -0.0019841833776763243, 0.0, 0.0, 0.0, 0.7430500415986022, 0.0, 4
0.8723828124999814, nan, 6.283185307179586, -0.0019792879351188115, 0.0, 0.0, 0.0, 0.7432883755633106, 0.0, 3
0.8724218749999814, nan, 6.283185307179586, -0.0019742760692664325, 0.0, 0.0, 0.0, 0.7435284930402208, 0.0, 4
0.8724609374999813, nan, 6.283185307179586, -0.0019693619796320497, 0.0, 0.0, 0.0, 0.7437676749417801, 0.0, 4
0.8724999999999813, nan, 6.283185307179586, -0.0019644582948065027, 0.0, 0.0, 0.0, 0.7440070113333118, 0.0, 3
0.8725390624999813, nan, 6.283185307179586, -0.0019594298235614885, 0.0, 0.0, 0.0, 0.744248241979756, 0.0, 4
0.8725781249999812, nan, 6.283185307179586, -0.001954504803626756, 0.0, 0.0, 0.0, 0.7444884611075434, 0.0, 4
0.8726171874999812, nan, 6.283185307179586, -0.001949592634486729, 0.0, 0.0, 0.0, 0.7447288051325057, 0.0, 3
0.8726562499999811, nan, 6.283185307179586, -0.0019445477489521518, 0.0, 0.0, 0.0, 0.7449711504819596, 0.0, 4
0.8726953124999811, nan, 6.283185307179586, -0.001939611660156, 0.0, 0.0, 0.0, 0.7452124112443388, 0.0, 4
0.8727343749999811, nan, 6.283185307179586, -0.0019346907371687884, 0.0, 0.0, 0.0, 0.7454537684892554, 0.0, 3
0.872773437499981, nan, 6.283185307179586, -0.001929629658598347, 0.0, 0.0, 0.0, 0.7456972296632118, 0.0, 4
0.872812499999981, nan, 6.283185307179586, -0.0019246823597845462, 0.0, 0.0, 0.0, 0.7459395365382434, 0.0, 4
0.872851562499981, nan, 6.283185307179586, -0.0019197523857553737, 0.0, 0.0, 0.0, 0.7461819129854232, 0.0, 3
0.8728906249999809, nan, 6.283185307179586, -0.0019146753641856396, 0.0, 0.0, 0.0, 0.746426490694877, 0.0, 4
0.8729296874999809, nan, 6.283185307179586, -0.0019097167128123561, 0.0, 0.0, 0.0, 0.7466698482163174, 0.0, 4
0.8729687499999809, nan, 6.283185307179586, -0.0019047773630406447, 0.0, 0.0, 0.0, 0.7469132502574426, 0.0, 4
0.8730078124999808, nan, 6.283185307179586, -0.0018996846754353051, 0.0, 0.0, 0.0, 0.7471589448098307, 0.0, 4
0.8730468749999808, nan, 6.283185307179586, -0.001894714529057931, 0.0, 0.0, 0.0, 0.747403357548922, 0.0, 4
0.8730859374999808, nan, 6.283185307179586, -0.001889765452057852, 0.0, 0.0, 0.0, 0.7476477919911321, 0.0, 4
0.8731249999999807, nan, 6.283185307179586, -0.001884657399835923, 0.0, 0.0, 0.0, 0.7478946033060927, 0.0, 4
0.8731640624999807, nan, 6.283185307179586, -0.0018796756173626316, 0.0, 0.0, 0.0, 0.7481400758559296, 0.0, 4
0.8732031249999807, nan, 6.283185307179586, -0.001874716436225734, 0.0, 0.0, 0.0, 0.7483855499190715, 0.0, 4
0.8732421874999806, nan, 6.283185307179586, -0.0018697130648105608, 0.0, 0.0, 0.0, 0.7486318947585633, 0.0, 3
0.8732812499999806, nan, 6.283185307179586, -0.001864599785107694, 0.0, 0.0, 0.0, 0.7488800145141697, 0.0, 4
0.8733203124999805, nan, 6.283185307179586, -0.0018596300997166374, 0.0, 0.0, 0.0, 0.7491265358150276, 0.0, 4
0.8733593749999805, nan, 6.283185307179586, -0.001854620854339799, 0.0, 0.0, 0.0, 0.7493738695669433, 0.0, 3
0.8733984374999805, nan, 6.283185307179586, -0.0018494868378249754, 0.0, 0.0, 0.0, 0.7496231849620347, 0.0, 4
0.8734374999999804, nan, 6.283185307179586, -0.001844475204411888, 0.0, 0.0, 0.0, 0.7498711724184809, 0.0, 4
0.8734765624999804, nan, 6.283185307179586, -0.0018394911402185076, 0.0, 0.0, 0.0, 0.7501190858816984, 0.0, 3
0.8735156249999804, nan, 6.283185307179586, -0.0018343365788481582, 0.0, 0.0, 0.0, 0.7503695987042904, 0.0, 4
0.8735546874999803, nan, 6.283185307179586, -0.0018293131043651608, 0.0, 0.0, 0.0, 0.750618658447072, 0.0, 4
0.8735937499999803, nan, 6.283185307179586, -0.0018243236954319027, 0.0, 0.0, 0.0, 0.7508675556684864, 0.0, 3
0.8736328124999803, nan, 6.283185307179586, -0.0018191488084697762, 0.0, 0.0, 0.0, 0.7511192673257227, 0.0, 4
0.8736718749999802, nan, 6.283185307179586, -0.001814113348895785, 0.0, 0.0, 0.0, 0.7513694040901687, 0.0, 4
0.8737109374999802, nan, 6.283185307179586, -0.001809118291043189, 0.0, 0.0, 0.0, 0.7516192909705801, 0.0, 3
0.8737499999999802, nan, 6.283185307179586, -0.0018039233239648728, 0.0, 0.0, 0.0, 0.7518722024902675, 0.0, 4
0.8737890624999801, nan, 6.283185307179586, -0.0017988757392182737, 0.0, 0.0, 0.0, 0.7521234209995297, 0.0, 4
0.8738281249999801, nan, 6.283185307179586, -0.001793853222996546, 0.0, 0.0, 0.0, 0.7523746071386785, 0.0, 3
0.87386718749998, nan, 6.283185307179586, -0.0017887831004105219, 0.0, 0.0, 0.0, 0.7526267286959024, 0.0, 3
0.87390624999998, nan, 6.283185307179586, -0.0017836000742132946, 0.0, 0.0, 0.0, 0.7528807208978235, 0.0, 4
0.87394531249998, nan, 6.283185307179586, -0.0017785674696721016, 0.0, 0.0, 0.0, 0.753132962673216, 0.0, 3
0.8739843749999799, nan, 6.283185307179586, -0.0017734895542345093, 0.0, 0.0, 0.0, 0.7533861125097566, 0.0, 3
0.8740234374999799, nan, 6.283185307179586, -0.0017682861500907905, 0.0, 0.0, 0.0, 0.7536413155833612, 0.0, 4
0.8740624999999799, nan, 6.283185307179586, -0.0017632431832476597, 0.0, 0.0, 0.0, 0.7538946191422933, 0.0, 3
0.8741015624999798, nan, 6.283185307179586, -0.0017581572735006984, 0.0, 0.0, 0.0, 0.7541488023903313, 0.0, 3
0.8741406249999798, nan, 6.283185307179586, -0.0017529337597142801, 0.0, 0.0, 0.0, 0.7544052169414719, 0.0, 4
0.8741796874999798, nan, 6.283185307179586, -0.0017478801579365916, 0.0, 0.0, 0.0, 0.7546595884846685, 0.0, 3
0.8742187499999797, nan, 6.283185307179586, -0.0017427860214049979, 0.0, 0.0, 0.0, 0.7549148107157503, 0.0, 3
0.8742578124999797, nan, 6.283185307179586, -0.0017375426922374272, 0.0, 0.0, 0.0, 0.7551724369498285, 0.0, 4
0.8742968749999797, nan, 6.283185307179586, -0.0017324781890985658, 0.0, 0.0, 0.0, 0.7554278826657292, 0.0, 3
0.8743359374999796, nan, 6.283185307179586, -0.0017273755597095105, 0.0, 0.0, 0.0, 0.7556841499400452, 0.0, 3
0.8743749999999796, nan, 6.283185307179586, -0.0017222324381421753, 0.0, 0.0, 0.0, 0.7559412616232092, 0.0, 3
0.8744140624999795, nan, 6.283185307179586, -0.0017170266170657776, 0.0, 0.0, 0.0, 0.7561996570451864, 0.0, 4
0.8744531249999795, nan, 6.283185307179586, -0.0017119256492612838, 0.0, 0.0, 0.0, 0.7564568325856046, 0.0, 3
0.8744921874999795, nan, 6.283185307179586, -0.001706775187697975, 0.0, 0.0, 0.0, 0.7567149767877817, 0.0, 3
0.8745312499999794, nan, 6.283185307179586, -0.0017015969794143832, 0.0, 0.0, 0.0, 0.7569739171626055, 0.0, 3
0.8745703124999794, nan, 6.283185307179586, -0.001696436050092, 0.0, 0.0, 0.0, 0.7572328712437031, 0.0, 3
0.8746093749999794, nan, 6.283185307179586, -0.001691278245550043, 0.0, 0.0, 0.0, 0.7574920506720954, 0.0, 3
0.8746484374999793, nan, 6.283185307179586, -0.0016859939493372997, 0.0, 0.0, 0.0, 0.7577534332632258, 0.0, 4
0.8746874999999793, nan, 6.283185307179586, -0.0016809065219514471, 0.0, 0.0, 0.0, 0.7580122785665776, 0.0, 3
0.8747265624999793, nan, 6.283185307179586, -0.0016757247573071985, 0.0, 0.0, 0.0, 0.7582727757295756, 0.0, 4
0.8747656249999792, nan, 6.283185307179586, -0.0016704330069830361, 0.0, 0.0, 0.0, 0.7585351679481624, 0.0, 4
0.8748046874999792, nan, 6.283185307179586, -0.0016653368247067544, 0.0, 0.0, 0.0, 0.7587950672617881, 0.0, 3
0.8748437499999792, nan, 6.283185307179586, -0.0016601430247817032, 0.0, 0.0, 0.0, 0.7590566739438102, 0.0, 3
0.8748828124999791, nan, 6.283185307179586, -0.0016549505494999805, 0.0, 0.0, 0.0, 0.759318536281801, 0.0, 3
0.8749218749999791, nan, 6.283185307179586, -0.0016496831540977984, 0.0, 0.0, 0.0, 0.7595818864028082, 0.0, 4
0.874960937499979, nan, 6.283185307179586, -0.0016445207810413317, 0.0, 0.0, 0.0, 0.7598439706932629, 0.0, 3
0.874999999999979, nan, 6.283185307179586, -0.001639320993643872, 0.0, 0.0, 0.0, 0.7601068758579733, 0.0, 3
0.875039062499979, nan, 6.283185307179586, -0.0016340297068415312, 0.0, 0.0, 0.0, 0.7603715186162978, 0.0, 3
0.875078124999979, nan, 6.283185307179586, -0.0016288577792822265, 0.0, 0.0, 0.0, 0.7606346789115058, 0.0, 3
0.8751171874999789, nan, 6.283185307179586, -0.001623650678957996, 0.0, 0.0, 0.0, 0.7608986295229512, 0.0, 3
0.8751562499999789, nan, 6.283185307179586, -0.0016183356978627806, 0.0, 0.0, 0.0, 0.7611645663878462, 0.0, 3
0.8751953124999788, nan, 6.283185307179586, -0.0016131537728104543, 0.0, 0.0, 0.0, 0.7614288115903605, 0.0, 3
0.8752343749999788, nan, 6.283185307179586, -0.0016079393562834136, 0.0, 0.0, 0.0, 0.7616938102426677, 0.0, 3
0.8752734374999788, nan, 6.283185307179586, -0.001602600920278198, 0.0, 0.0, 0.0, 0.7619610420920357, 0.0, 3
0.8753124999999787, nan, 6.283185307179586, -0.0015974085156050296, 0.0, 0.0, 0.0, 0.7622263817704329, 0.0, 3
0.8753515624999787, nan, 6.283185307179586, -0.001592186773422803, 0.0, 0.0, 0.0, 0.7624924310868454, 0.0, 3
0.8753906249999787, nan, 6.283185307179586, -0.0015868251659958094, 0.0, 0.0, 0.0, 0.762760958161429, 0.0, 3
0.8754296874999786, nan, 6.283185307179586, -0.0015816217625907651, 0.0, 0.0, 0.0, 0.7630274025377903, 0.0, 3
0.8754687499999786, nan, 6.283185307179586, -0.0015763926755921107, 0.0, 0.0, 0.0, 0.7632945052231949, 0.0, 3
0.8755078124999786, nan, 6.283185307179586, -0.001571008224985631, 0.0, 0.0, 0.0, 0.7635643270979595, 0.0, 3
0.8755468749999785, nan, 6.283185307179586, -0.0015657932701570814, 0.0, 0.0, 0.0, 0.7638318870149676, 0.0, 3
0.8755859374999785, nan, 6.283185307179586, -0.0015605568054329597, 0.0, 0.0, 0.0, 0.7641000459204388, 0.0, 3
0.8756249999999784, nan, 6.283185307179586, -0.00155514988456021, 0.0, 0.0, 0.0, 0.7643711614851827, 0.0, 3
0.8756640624999784, nan, 6.283185307179586, -0.001549922796459135, 0.0, 0.0, 0.0, 0.7646398483558378, 0.0, 3
0.8757031249999784, nan, 6.283185307179586, -0.0015446789035663733, 0.0, 0.0, 0.0, 0.7649090665397598, 0.0, 3
0.8757421874999783, nan, 6.283185307179586, -0.0015392499288782709, 0.0, 0.0, 0.0, 0.7651814739948872, 0.0, 3
0.8757812499999783, nan, 6.283185307179586, -0.0015340717071723015, 0.0, 0.0, 0.0, 0.7654503362779682, 0.0, 3
0.8758203124999783, nan, 6.283185307179586, -0.0015287587087511655, 0.0, 0.0, 0.0, 0.7657215805350975, 0.0, 3
0.8758593749999782, nan, 6.283185307179586, -0.0015233081380332649, 0.0, 0.0, 0.0, 0.7659952774041193, 0.0, 3
0.8758984374999782, nan, 6.283185307179586, -0.0015181217845312543, 0.0, 0.0, 0.0, 0.7662652077123567, 0.0, 3
0.8759374999999782, nan, 6.283185307179586, -0.0015127959582437757, 0.0, 0.0, 0.0, 0.7665376014484373, 0.0, 3
0.8759765624999781, nan, 6.283185307179586, -0.001507378606188156, 0.0, 0.0, 0.0, 0.7668117554281366, 0.0, 3
0.8760156249999781, nan, 6.283185307179586, -0.0015020003120040349, 0.0, 0.0, 0.0, 0.7670855974202156, 0.0, 3
0.8760546874999781, nan, 6.283185307179586, -0.0014967903882160865, 0.0, 0.0, 0.0, 0.7673571429037964, 0.0, 3
0.876093749999978, nan, 6.283185307179586, -0.0014913516448217703, 0.0, 0.0, 0.0, 0.7676325876453143, 0.0, 3
0.876132812499978, nan, 6.283185307179586, -0.0014860886826348744, 0.0, 0.0, 0.0, 0.7679055836790977, 0.0, 3
0.876171874999978, nan, 6.283185307179586, -0.0014807417338718993, 0.0, 0.0, 0.0, 0.7681802186070146, 0.0, 3
0.8762109374999779, nan, 6.283185307179586, -0.001475281746720267, 0.0, 0.0, 0.0, 0.7684569562795953, 0.0, 3
0.8762499999999779, nan, 6.283185307179586, -0.0014700137034494006, 0.0, 0.0, 0.0, 0.7687309827946469, 0.0, 3
0.8762890624999778, nan, 6.283185307179586, -0.0014646497300301816, 0.0, 0.0, 0.0, 0.7690068423364362, 0.0, 3
0.8763281249999778, nan, 6.283185307179586, -0.0014592641278362425, 0.0, 0.0, 0.0, 0.7692833709790228, 0.0, 3
0.8763671874999778, nan, 6.283185307179586, -0.0014538951541633513, 0.0, 0.0, 0.0, 0.769559939736427, 0.0, 3
0.8764062499999777, nan, 6.283185307179586, -0.001448514111232252, 0.0, 0.0, 0.0, 0.7698370279420167, 0.0, 3
0.8764453124999777, nan, 6.283185307179586, -0.001443111780378397, 0.0, 0.0, 0.0, 0.7701147805834538, 0.0, 3
0.8764843749999777, nan, 6.283185307179586, -0.0014377327517672914, 0.0, 0.0, 0.0, 0.770392468662498, 0.0, 3
0.8765234374999776, nan, 6.283185307179586, -0.0014323346123879118, 0.0, 0.0, 0.0, 0.7706707893338894, 0.0, 3
0.8765624999999776, nan, 6.283185307179586, -0.0014269155977640884, 0.0, 0.0, 0.0, 0.7709497688365683, 0.0, 3
0.8766015624999776, nan, 6.283185307179586, -0.0014215262096701903, 0.0, 0.0, 0.0, 0.7712285838556038, 0.0, 3
0.8766406249999775, nan, 6.283185307179586, -0.00141611096877533, 0.0, 0.0, 0.0, 0.7715081404835081, 0.0, 3
0.8766796874999775, nan, 6.283185307179586, -0.0014106753364192843, 0.0, 0.0, 0.0, 0.7717883493861427, 0.0, 3
0.8767187499999775, nan, 6.283185307179586, -0.0014052752378269466, 0.0, 0.0, 0.0, 0.7720682997247348, 0.0, 3
0.8767578124999774, nan, 6.283185307179586, -0.0013998429167148593, 0.0, 0.0, 0.0, 0.7723490954108082, 0.0, 3
0.8767968749999774, nan, 6.283185307179586, -0.0013943907543393615, 0.0, 0.0, 0.0, 0.7726305359100052, 0.0, 3
0.8768359374999773, nan, 6.283185307179586, -0.0013889795434426468, 0.0, 0.0, 0.0, 0.7729116307933958, 0.0, 3
0.8768749999999773, nan, 6.283185307179586, -0.001383530193517603, 0.0, 0.0, 0.0, 0.7731936681861449, 0.0, 3
0.8769140624999773, nan, 6.283185307179586, -0.0013780616108714893, 0.0, 0.0, 0.0, 0.7734763421181499, 0.0, 3
0.8769531249999772, nan, 6.283185307179586, -0.0013726388311389422, 0.0, 0.0, 0.0, 0.7737585917010961, 0.0, 3
0.8769921874999772, nan, 6.283185307179586, -0.0013671725382804756, 0.0, 0.0, 0.0, 0.774041872913091, 0.0, 3
0.8770312499999772, nan, 6.283185307179586, -0.0013616876662868062, 0.0, 0.0, 0.0, 0.7743257817596442, 0.0, 3
0.8770703124999771, nan, 6.283185307179586, -0.0013562528034763589, 0.0, 0.0, 0.0, 0.7746091971955055, 0.0, 3
0.8771093749999771, nan, 6.283185307179586, -0.0013507735529533049, 0.0, 0.0, 0.0, 0.7748936648848329, 0.0, 3
0.8771484374999771, nan, 6.283185307179586, -0.0013452686819881688, 0.0, 0.0, 0.0, 0.7751788686146103, 0.0, 3
0.877187499999977, nan, 6.283185307179586, -0.0013398211615548898, 0.0, 0.0, 0.0, 0.7754634621232863, 0.0, 3
0.877226562499977, nan, 6.283185307179586, -0.0013343238722419322, 0.0, 0.0, 0.0, 0.7757491988459547, 0.0, 3
0.877265624999977, nan, 6.283185307179586, -0.0013288044193814482, 0.0, 0.0, 0.0, 0.7760356165162282, 0.0, 3
0.8773046874999769, nan, 6.283185307179586, -0.0013233194287614722, 0.0, 0.0, 0.0, 0.7763217995794034, 0.0, 3
0.8773437499999769, nan, 6.283185307179586, -0.0013178283064756208, 0.0, 0.0, 0.0, 0.7766084104031353, 0.0, 3
0.8773828124999768, nan, 6.283185307179586, -0.0013122946397840169, 0.0, 0.0, 0.0, 0.7768960393474156, 0.0, 3
0.8774218749999768, nan, 6.283185307179586, -0.0013067944732279185, 0.0, 0.0, 0.0, 0.7771834490826712, 0.0, 3
0.8774609374999768, nan, 6.283185307179586, -0.0013012865911234798, 0.0, 0.0, 0.0, 0.77747131402257, 0.0, 3
0.8774999999999767, nan, 6.283185307179586, -0.0012957767188327566, 0.0, 0.0, 0.0, 0.7777595273119318, 0.0, 4
0.8775390624999767, nan, 6.283185307179586, -0.0012902235362498601, 0.0, 0.0, 0.0, 0.7780487944752007, 0.0, 3
0.8775781249999767, nan, 6.283185307179586, -0.0012846984642876764, 0.0, 0.0, 0.0, 0.7783379241865972, 0.0, 3
0.8776171874999766, nan, 6.283185307179586, -0.001279175810384625, 0.0, 0.0, 0.0, 0.7786273295946592, 0.0, 3
0.8776562499999766, nan, 6.283185307179586, -0.0012736063763058316, 0.0, 0.0, 0.0, 0.7789178498419113, 0.0, 3
0.8776953124999766, nan, 6.283185307179586, -0.0012681079697389672, 0.0, 0.0, 0.0, 0.7792075073193625, 0.0, 3
0.8777343749999765, nan, 6.283185307179586, -0.0012625282240011533, 0.0, 0.0, 0.0, 0.7794988559797955, 0.0, 3
0.8777734374999765, nan, 6.283185307179586, -0.001256942751443933, 0.0, 0.0, 0.0, 0.7797906293263875, 0.0, 3
0.8778124999999765, nan, 6.283185307179586, -0.0012514304559368083, 0.0, 0.0, 0.0, 0.7800815007514593, 0.0, 3
0.8778515624999764, nan, 6.283185307179586, -0.0012458337028616454, 0.0, 0.0, 0.0, 0.7803741209671126, 0.0, 3
0.8778906249999764, nan, 6.283185307179586, -0.001240232418718239, 0.0, 0.0, 0.0, 0.7806671471378992, 0.0, 3
0.8779296874999764, nan, 6.283185307179586, -0.0012347054397961509, 0.0, 0.0, 0.0, 0.7809592489219733, 0.0, 3
0.8779687499999763, nan, 6.283185307179586, -0.0012290919926482551, 0.0, 0.0, 0.0, 0.781253139071073, 0.0, 3
0.8780078124999763, nan, 6.283185307179586, -0.0012234751331605996, 0.0, 0.0, 0.0, 0.7815474175704278, 0.0, 3
0.8780468749999762, nan, 6.283185307179586, -0.0012179326147567615, 0.0, 0.0, 0.0, 0.7818407673471897, 0.0, 3
0.8780859374999762, nan, 6.283185307179586, -0.001212311391483901, 0.0, 0.0, 0.0, 0.7821357834782331, 0.0, 3
0.8781249999999762, nan, 6.283185307179586, -0.0012066706468810864, 0.0, 0.0, 0.0, 0.7824314550172836, 0.0, 3
0.8781640624999761, nan, 6.283185307179586, -0.0012011116760853658, 0.0, 0.0, 0.0, 0.7827260715911265, 0.0, 3
0.8782031249999761, nan, 6.283185307179586, -0.0011954726917947126, 0.0, 0.0, 0.0, 0.7830223828079637, 0.0, 4
0.8782421874999761, nan, 6.283185307179586, -0.0011898187083968369, 0.0, 0.0, 0.0, 0.7833192739834327, 0.0, 3
0.878281249999976, nan, 6.283185307179586, -0.001184242321334607, 0.0, 0.0, 0.0, 0.7836151772566374, 0.0, 3
0.878320312499976, nan, 6.283185307179586, -0.0011785858164639436, 0.0, 0.0, 0.0, 0.7839127832329228, 0.0, 4
0.878359374999976, nan, 6.283185307179586, -0.0011729190612548876, 0.0, 0.0, 0.0, 0.7842108891117298, 0.0, 3
0.8783984374999759, nan, 6.283185307179586, -0.0011673987060610346, 0.0, 0.0, 0.0, 0.7845067888729446, 0.0, 3
0.8784374999999759, nan, 6.283185307179586, -0.001161650506043132, 0.0, 0.0, 0.0, 0.7848069996446776, 0.0, 4
0.8784765624999759, nan, 6.283185307179586, -0.001155971443536193, 0.0, 0.0, 0.0, 0.7851063151921004, 0.0, 3
0.8785156249999758, nan, 6.283185307179586, -0.0011503227097101585, 0.0, 0.0, 0.0, 0.7854054491880301, 0.0, 3
0.8785546874999758, nan, 6.283185307179586, -0.0011446665018236743, 0.0, 0.0, 0.0, 0.7857050469761769, 0.0, 4
0.8785937499999757, nan, 6.283185307179586, -0.0011389755870429017, 0.0, 0.0, 0.0, 0.7860055671784113, 0.0, 3
0.8786328124999757, nan, 6.283185307179586, -0.0011333097308474415, 0.0, 0.0, 0.0, 0.7863059962690306, 0.0, 3
0.8786718749999757, nan, 6.283185307179586, -0.001127633544408417, 0.0, 0.0, 0.0, 0.7866069402258986, 0.0, 4
0.8787109374999756, nan, 6.283185307179586, -0.0011219312163483696, 0.0, 0.0, 0.0, 0.7869086602081012, 0.0, 3
0.8787499999999756, nan, 6.283185307179586, -0.0011162480484651278, 0.0, 0.0, 0.0, 0.7872103913076952, 0.0, 3
0.8787890624999756, nan, 6.283185307179586, -0.0011105513728193524, 0.0, 0.0, 0.0, 0.7875126944729897, 0.0, 4
0.8788281249999755, nan, 6.283185307179586, -0.0011049444336345329, 0.0, 0.0, 0.0, 0.78781374627894, 0.0, 3
0.8788671874999755, nan, 6.283185307179586, -0.0010991373943334947, 0.0, 0.0, 0.0, 0.7881186494221685, 0.0, 3
0.8789062499999755, nan, 6.283185307179586, -0.0010934197233330304, 0.0, 0.0, 0.0, 0.7884223248974995, 0.0, 4
0.8789453124999754, nan, 6.283185307179586, -0.001087740471244055, 0.0, 0.0, 0.0, 0.7887256520894516, 0.0, 4
0.8789843749999754, nan, 6.283185307179586, -0.0010819774929358864, 0.0, 0.0, 0.0, 0.7890307859168878, 0.0, 3
0.8790234374999754, nan, 6.283185307179586, -0.0010763927771632266, 0.0, 0.0, 0.0, 0.7893330831584193, 0.0, 3
0.8790624999999753, nan, 6.283185307179586, -0.0010705431092989384, 0.0, 0.0, 0.0, 0.7896404593460785, 0.0, 4
0.8791015624999753, nan, 6.283185307179586, -0.0010649090238154118, 0.0, 0.0, 0.0, 0.7899442573798379, 0.0, 3
0.8791406249999753, nan, 6.283185307179586, -0.0010591711853019357, 0.0, 0.0, 0.0, 0.7902503331519879, 0.0, 3
0.8791796874999752, nan, 6.283185307179586, -0.0010532954896937698, 0.0, 0.0, 0.0, 0.7905591811535805, 0.0, 4
0.8792187499999752, nan, 6.283185307179586, -0.0010476614714281694, 0.0, 0.0, 0.0, 0.7908639770194675, 0.0, 3
0.8792578124999751, nan, 6.283185307179586, -0.0010418961302970243, 0.0, 0.0, 0.0, 0.7911715547637822, 0.0, 3
0.8792968749999751, nan, 6.283185307179586, -0.0010359973417971488, 0.0, 0.0, 0.0, 0.791481833045399, 0.0, 4
0.8793359374999751, nan, 6.283185307179586, -0.001030362828119362, 0.0, 0.0, 0.0, 0.7917876383550245, 0.0, 3
0.879374999999975, nan, 6.283185307179586, -0.0010245697052162855, 0.0, 0.0, 0.0, 0.7920967273451882, 0.0, 3
0.879414062499975, nan, 6.283185307179586, -0.001018800448822507, 0.0, 0.0, 0.0, 0.7924056665959994, 0.0, 3
0.879453124999975, nan, 6.283185307179586, -0.0010130127454052373, 0.0, 0.0, 0.0, 0.7927152583669825, 0.0, 3
0.8794921874999749, nan, 6.283185307179586, -0.001007191580665013, 0.0, 0.0, 0.0, 0.7930258677394201, 0.0, 3
0.8795312499999749, nan, 6.283185307179586, -0.0010014150710843262, 0.0, 0.0, 0.0, 0.7933359482047824, 0.0, 3
0.8795703124999749, nan, 6.283185307179586, -0.0009956108692606913, 0.0, 0.0, 0.0, 0.7936468542248291, 0.0, 3
0.8796093749999748, nan, 6.283185307179586, -0.0009897847614793018, 0.0, 0.0, 0.0, 0.7939585590742978, 0.0, 3
0.8796484374999748, nan, 6.283185307179586, -0.0009839777398413059, 0.0, 0.0, 0.0, 0.7942702158303736, 0.0, 3
0.8796874999999748, nan, 6.283185307179586, -0.0009780788354702165, 0.0, 0.0, 0.0, 0.7945839148436644, 0.0, 3
0.8797265624999747, nan, 6.283185307179586, -0.0009723086216926668, 0.0, 0.0, 0.0, 0.7948955679839016, 0.0, 3
0.8797656249999747, nan, 6.283185307179586, -0.00096648810759858, 0.0, 0.0, 0.0, 0.7952084867150567, 0.0, 3
0.8798046874999746, nan, 6.283185307179586, -0.0009605594912710569, 0.0, 0.0, 0.0, 0.7955237529055887, 0.0, 4
0.8798437499999746, nan, 6.283185307179586, -0.0009548033907370448, 0.0, 0.0, 0.0, 0.7958361170309309, 0.0, 3
0.8798828124999746, nan, 6.283185307179586, -0.00094892403325948, 0.0, 0.0, 0.0, 0.7961511928703392, 0.0, 3
0.8799218749999745, nan, 6.283185307179586, -0.0009430840175204103, 0.0, 0.0, 0.0, 0.7964658174181317, 0.0, 3
0.8799609374999745, nan, 6.283185307179586, -0.000937228940947032, 0.0, 0.0, 0.0, 0.7967810424206967, 0.0, 3
0.8799999999999745, nan, 6.283185307179586, -0.0009313227070539567, 0.0, 0.0, 0.0, 0.7970976359671426, 0.0, 3
